run,algorithm,iteration,front_size,hypervolume,hypervolume_ratio
0,MOGWO,10,20,0.000000,0.000000
0,MOGWO,20,31,0.000000,0.000000
0,MOGWO,30,28,0.000000,0.000000
0,MOGWO,40,24,0.000000,0.000000
0,MOGWO,50,26,0.000000,0.000000
0,MOGWO,60,30,0.000000,0.000000
0,MOGWO,70,31,0.000000,0.000000
0,MOGWO,80,25,0.000000,0.000000
0,MOGWO,90,24,0.000000,0.000000
0,MOGWO,100,22,0.000000,0.000000
0,MOGWO,110,20,0.000000,0.000000
0,MOGWO,120,24,0.000000,0.000000
0,MOGWO,130,34,0.000000,0.000000
0,MOGWO,140,39,0.000000,0.000000
0,MOGWO,150,38,0.000000,0.000000
0,MOGWO,160,40,0.000000,0.000000
0,MOGWO,170,44,0.000000,0.000000
0,MOGWO,180,51,0.000000,0.000000
0,MOGWO,190,45,0.000000,0.000000
0,MOGWO,200,45,0.000000,0.000000
0,MOGWO,210,32,0.000000,0.000000
0,MOGWO,220,36,0.000000,0.000000
0,MOGWO,230,19,0.000000,0.000000
0,MOGWO,240,23,0.000000,0.000000
0,MOGWO,250,18,0.000000,0.000000
0,MOGWO,260,10,0.000000,0.000000
0,MOGWO,270,8,0.000000,0.000000
0,MOGWO,280,4,0.000000,0.000000
0,MOGWO,290,8,0.000000,0.000000
0,MOGWO,300,3,0.014367,0.010794
0,MOGWO,310,6,0.014367,0.010794
0,MOGWO,320,5,0.034191,0.025688
0,MOGWO,330,7,0.034191,0.025688
0,MOGWO,340,7,0.034191,0.025688
0,MOGWO,350,7,0.034191,0.025688
0,MOGWO,360,8,0.034191,0.025688
0,MOGWO,370,8,0.034191,0.025688
0,MOGWO,380,13,0.059571,0.044756
0,MOGWO,390,10,0.061836,0.046458
0,MOGWO,400,12,0.067325,0.050582
0,MOGWO,410,11,0.071004,0.053346
0,MOGWO,420,6,0.076028,0.057121
0,MOGWO,430,7,0.097425,0.073197
0,MOGWO,440,7,0.097425,0.073197
0,MOGWO,450,6,0.099475,0.074737
0,MOGWO,460,7,0.099738,0.074935
0,MOGWO,470,10,0.099754,0.074946
0,MOGWO,480,12,0.100148,0.075242
0,MOGWO,490,8,0.108540,0.081548
0,MOGWO,500,8,0.108540,0.081548
0,NSGA-II,10,27,0.000000,0.000000
0,NSGA-II,20,30,0.000000,0.000000
0,NSGA-II,30,44,0.000000,0.000000
0,NSGA-II,40,51,0.000000,0.000000
0,NSGA-II,50,46,0.000000,0.000000
0,NSGA-II,60,42,0.000000,0.000000
0,NSGA-II,70,50,0.000000,0.000000
0,NSGA-II,80,51,0.000000,0.000000
0,NSGA-II,90,40,0.000000,0.000000
0,NSGA-II,100,45,0.000000,0.000000
0,NSGA-II,110,43,0.016188,0.012162
0,NSGA-II,120,42,0.016554,0.012437
0,NSGA-II,130,37,0.016554,0.012437
0,NSGA-II,140,28,0.016554,0.012437
0,NSGA-II,150,26,0.016554,0.012437
0,NSGA-II,160,23,0.016554,0.012437
0,NSGA-II,170,17,0.016554,0.012437
0,NSGA-II,180,20,0.019678,0.014784
0,NSGA-II,190,13,0.019678,0.014784
0,NSGA-II,200,21,0.023645,0.017764
0,NSGA-II,210,24,0.032145,0.024151
0,NSGA-II,220,16,0.033461,0.025140
0,NSGA-II,230,5,0.146898,0.110367
0,NSGA-II,240,6,0.168632,0.126695
0,NSGA-II,250,11,0.170954,0.128440
0,NSGA-II,260,15,0.179087,0.134551
0,NSGA-II,270,17,0.191297,0.143724
0,NSGA-II,280,22,0.204026,0.153288
0,NSGA-II,290,14,0.217381,0.163321
0,NSGA-II,300,12,0.305167,0.229277
0,NSGA-II,310,16,0.310336,0.233160
0,NSGA-II,320,18,0.314391,0.236207
0,NSGA-II,330,19,0.336757,0.253010
0,NSGA-II,340,9,0.511055,0.383963
0,NSGA-II,350,9,0.511055,0.383963
0,NSGA-II,360,9,0.546115,0.410304
0,NSGA-II,370,7,0.633436,0.475910
0,NSGA-II,380,4,0.687839,0.516784
0,NSGA-II,390,5,0.687842,0.516786
0,NSGA-II,400,5,0.688945,0.517614
0,NSGA-II,410,6,0.696062,0.522962
0,NSGA-II,420,7,0.719692,0.540715
0,NSGA-II,430,7,0.719692,0.540715
0,NSGA-II,440,7,0.726735,0.546006
0,NSGA-II,450,8,0.736799,0.553568
0,NSGA-II,460,8,0.736799,0.553568
0,NSGA-II,470,10,0.745310,0.559963
0,NSGA-II,480,11,0.748643,0.562466
0,NSGA-II,490,9,0.773434,0.581093
0,NSGA-II,500,9,0.773434,0.581093
0,NSGA-III,10,38,0.000000,0.000000
0,NSGA-III,20,37,0.000000,0.000000
0,NSGA-III,30,25,0.000000,0.000000
0,NSGA-III,40,21,0.000000,0.000000
0,NSGA-III,50,36,0.000000,0.000000
0,NSGA-III,60,25,0.000000,0.000000
0,NSGA-III,70,24,0.000000,0.000000
0,NSGA-III,80,26,0.000000,0.000000
0,NSGA-III,90,8,0.021523,0.016171
0,NSGA-III,100,16,0.029720,0.022329
0,NSGA-III,110,14,0.033845,0.025428
0,NSGA-III,120,11,0.081310,0.061089
0,NSGA-III,130,15,0.081609,0.061314
0,NSGA-III,140,23,0.193928,0.145701
0,NSGA-III,150,20,0.208603,0.156727
0,NSGA-III,160,13,0.212622,0.159746
0,NSGA-III,170,16,0.248268,0.186527
0,NSGA-III,180,19,0.248268,0.186527
0,NSGA-III,190,16,0.352631,0.264937
0,NSGA-III,200,8,0.480537,0.361035
0,NSGA-III,210,9,0.671874,0.504789
0,NSGA-III,220,13,0.673567,0.506061
0,NSGA-III,230,7,0.722719,0.542990
0,NSGA-III,240,7,0.742111,0.557559
0,NSGA-III,250,10,0.810158,0.608683
0,NSGA-III,260,4,0.849309,0.638098
0,NSGA-III,270,6,0.863807,0.648991
0,NSGA-III,280,8,0.878765,0.660229
0,NSGA-III,290,8,0.878765,0.660229
0,NSGA-III,300,10,0.893320,0.671165
0,NSGA-III,310,8,0.913618,0.686415
0,NSGA-III,320,10,0.915826,0.688074
0,NSGA-III,330,6,1.013622,0.761549
0,NSGA-III,340,4,1.040702,0.781895
0,NSGA-III,350,4,1.040702,0.781895
0,NSGA-III,360,5,1.042059,0.782914
0,NSGA-III,370,5,1.042059,0.782914
0,NSGA-III,380,6,1.042793,0.783466
0,NSGA-III,390,7,1.053699,0.791660
0,NSGA-III,400,8,1.053699,0.791660
0,NSGA-III,410,8,1.053756,0.791702
0,NSGA-III,420,7,1.075894,0.808335
0,NSGA-III,430,4,1.084282,0.814637
0,NSGA-III,440,4,1.092612,0.820896
0,NSGA-III,450,4,1.104944,0.830160
0,NSGA-III,460,4,1.104944,0.830160
0,NSGA-III,470,4,1.104944,0.830160
0,NSGA-III,480,4,1.104944,0.830160
0,NSGA-III,490,4,1.147667,0.862259
0,NSGA-III,500,4,1.147667,0.862259
1,MOGWO,10,17,0.005890,0.004426
1,MOGWO,20,26,0.009210,0.006920
1,MOGWO,30,32,0.019146,0.014385
1,MOGWO,40,31,0.019146,0.014385
1,MOGWO,50,38,0.019358,0.014544
1,MOGWO,60,36,0.019502,0.014652
1,MOGWO,70,44,0.019504,0.014653
1,MOGWO,80,45,0.019750,0.014839
1,MOGWO,90,49,0.022608,0.016986
1,MOGWO,100,50,0.022608,0.016986
1,MOGWO,110,52,0.023673,0.017786
1,MOGWO,120,50,0.023673,0.017786
1,MOGWO,130,44,0.023779,0.017865
1,MOGWO,140,34,0.030299,0.022764
1,MOGWO,150,40,0.030917,0.023228
1,MOGWO,160,49,0.032719,0.024582
1,MOGWO,170,36,0.035044,0.026329
1,MOGWO,180,25,0.038489,0.028917
1,MOGWO,190,32,0.042114,0.031641
1,MOGWO,200,32,0.089793,0.067463
1,MOGWO,210,25,0.150219,0.112862
1,MOGWO,220,16,0.270792,0.203450
1,MOGWO,230,26,0.292807,0.219990
1,MOGWO,240,30,0.303662,0.228146
1,MOGWO,250,20,0.341465,0.256548
1,MOGWO,260,30,0.362434,0.272302
1,MOGWO,270,22,0.397447,0.298607
1,MOGWO,280,23,0.434560,0.326492
1,MOGWO,290,29,0.436377,0.327856
1,MOGWO,300,21,0.442608,0.332538
1,MOGWO,310,22,0.444771,0.334163
1,MOGWO,320,26,0.445101,0.334411
1,MOGWO,330,29,0.445379,0.334620
1,MOGWO,340,26,0.447739,0.336393
1,MOGWO,350,27,0.449426,0.337661
1,MOGWO,360,28,0.449838,0.337970
1,MOGWO,370,36,0.453425,0.340665
1,MOGWO,380,37,0.461893,0.347027
1,MOGWO,390,37,0.465007,0.349366
1,MOGWO,400,38,0.473918,0.356062
1,MOGWO,410,40,0.481985,0.362122
1,MOGWO,420,45,0.483153,0.363000
1,MOGWO,430,49,0.485221,0.364553
1,MOGWO,440,50,0.485233,0.364563
1,MOGWO,450,54,0.487102,0.365967
1,MOGWO,460,57,0.488037,0.366669
1,MOGWO,470,53,0.489030,0.367416
1,MOGWO,480,53,0.489668,0.367895
1,MOGWO,490,54,0.489954,0.368110
1,MOGWO,500,52,0.489989,0.368136
1,NSGA-II,10,41,0.009601,0.007213
1,NSGA-II,20,30,0.022211,0.016687
1,NSGA-II,30,35,0.043797,0.032905
1,NSGA-II,40,28,0.087851,0.066003
1,NSGA-II,50,42,0.093695,0.070395
1,NSGA-II,60,37,0.094548,0.071035
1,NSGA-II,70,35,0.100253,0.075322
1,NSGA-II,80,26,0.103436,0.077713
1,NSGA-II,90,28,0.113932,0.085599
1,NSGA-II,100,34,0.125085,0.093978
1,NSGA-II,110,32,0.128145,0.096277
1,NSGA-II,120,34,0.158107,0.118788
1,NSGA-II,130,40,0.166723,0.125261
1,NSGA-II,140,41,0.178981,0.134471
1,NSGA-II,150,33,0.253067,0.190133
1,NSGA-II,160,42,0.254018,0.190847
1,NSGA-II,170,44,0.257346,0.193348
1,NSGA-II,180,42,0.260090,0.195410
1,NSGA-II,190,27,0.329965,0.247907
1,NSGA-II,200,25,0.356102,0.267544
1,NSGA-II,210,20,0.416021,0.312563
1,NSGA-II,220,25,0.451905,0.339523
1,NSGA-II,230,25,0.455000,0.341849
1,NSGA-II,240,26,0.531205,0.399102
1,NSGA-II,250,31,0.533750,0.401014
1,NSGA-II,260,29,0.540926,0.406406
1,NSGA-II,270,25,0.582301,0.437491
1,NSGA-II,280,22,0.584997,0.439517
1,NSGA-II,290,21,0.586368,0.440547
1,NSGA-II,300,24,0.625423,0.469890
1,NSGA-II,310,25,0.675070,0.507190
1,NSGA-II,320,29,0.681559,0.512066
1,NSGA-II,330,23,0.740198,0.556122
1,NSGA-II,340,20,0.749360,0.563005
1,NSGA-II,350,21,0.769924,0.578455
1,NSGA-II,360,16,0.926546,0.696128
1,NSGA-II,370,13,0.978152,0.734900
1,NSGA-II,380,13,0.978234,0.734961
1,NSGA-II,390,14,0.979686,0.736053
1,NSGA-II,400,15,0.980143,0.736396
1,NSGA-II,410,15,0.980754,0.736855
1,NSGA-II,420,17,0.999073,0.750619
1,NSGA-II,430,17,0.999073,0.750619
1,NSGA-II,440,16,1.066567,0.801328
1,NSGA-II,450,16,1.066567,0.801328
1,NSGA-II,460,16,1.265394,0.950709
1,NSGA-II,470,16,1.265550,0.950827
1,NSGA-II,480,15,1.265552,0.950828
1,NSGA-II,490,16,1.265791,0.951007
1,NSGA-II,500,18,1.266208,0.951321
1,NSGA-III,10,18,0.009932,0.007462
1,NSGA-III,20,31,0.020258,0.015220
1,NSGA-III,30,31,0.024475,0.018388
1,NSGA-III,40,39,0.048188,0.036204
1,NSGA-III,50,27,0.055145,0.041432
1,NSGA-III,60,31,0.065151,0.048949
1,NSGA-III,70,33,0.075110,0.056431
1,NSGA-III,80,41,0.098536,0.074031
1,NSGA-III,90,31,0.100212,0.075291
1,NSGA-III,100,36,0.114609,0.086108
1,NSGA-III,110,35,0.128002,0.096169
1,NSGA-III,120,26,0.133648,0.100412
1,NSGA-III,130,35,0.138586,0.104122
1,NSGA-III,140,31,0.156195,0.117351
1,NSGA-III,150,32,0.178250,0.133922
1,NSGA-III,160,39,0.240717,0.180854
1,NSGA-III,170,37,0.252706,0.189862
1,NSGA-III,180,36,0.272087,0.204423
1,NSGA-III,190,37,0.279410,0.209925
1,NSGA-III,200,38,0.285395,0.214422
1,NSGA-III,210,35,0.286977,0.215610
1,NSGA-III,220,35,0.325320,0.244418
1,NSGA-III,230,42,0.326056,0.244971
1,NSGA-III,240,43,0.327100,0.245755
1,NSGA-III,250,44,0.331077,0.248743
1,NSGA-III,260,45,0.332751,0.250001
1,NSGA-III,270,41,0.335575,0.252123
1,NSGA-III,280,46,0.351381,0.263997
1,NSGA-III,290,47,0.366785,0.275571
1,NSGA-III,300,45,0.386155,0.290124
1,NSGA-III,310,41,0.403964,0.303504
1,NSGA-III,320,44,0.407973,0.306516
1,NSGA-III,330,40,0.427945,0.321521
1,NSGA-III,340,43,0.428189,0.321705
1,NSGA-III,350,45,0.428893,0.322234
1,NSGA-III,360,38,0.438252,0.329265
1,NSGA-III,370,39,0.438607,0.329532
1,NSGA-III,380,42,0.441414,0.331641
1,NSGA-III,390,43,0.452417,0.339908
1,NSGA-III,400,38,0.454232,0.341271
1,NSGA-III,410,38,0.454936,0.341800
1,NSGA-III,420,39,0.456080,0.342659
1,NSGA-III,430,40,0.456086,0.342664
1,NSGA-III,440,42,0.458765,0.344677
1,NSGA-III,450,39,0.465563,0.349784
1,NSGA-III,460,42,0.465905,0.350041
1,NSGA-III,470,45,0.474979,0.356858
1,NSGA-III,480,46,0.474998,0.356873
1,NSGA-III,490,44,0.498470,0.374508
1,NSGA-III,500,47,0.498478,0.374514
2,MOGWO,10,14,0.000000,0.000000
2,MOGWO,20,20,0.000000,0.000000
2,MOGWO,30,11,0.000000,0.000000
2,MOGWO,40,21,0.000000,0.000000
2,MOGWO,50,23,0.000000,0.000000
2,MOGWO,60,29,0.000000,0.000000
2,MOGWO,70,28,0.000000,0.000000
2,MOGWO,80,30,0.000000,0.000000
2,MOGWO,90,27,0.000000,0.000000
2,MOGWO,100,32,0.000000,0.000000
2,MOGWO,110,27,0.000000,0.000000
2,MOGWO,120,18,0.000000,0.000000
2,MOGWO,130,13,0.000000,0.000000
2,MOGWO,140,17,0.000000,0.000000
2,MOGWO,150,8,0.000000,0.000000
2,MOGWO,160,2,0.000000,0.000000
2,MOGWO,170,11,0.106820,0.080255
2,MOGWO,180,15,0.204947,0.153979
2,MOGWO,190,6,0.247647,0.186061
2,MOGWO,200,6,0.342214,0.257110
2,MOGWO,210,10,0.388293,0.291730
2,MOGWO,220,13,0.539048,0.404995
2,MOGWO,230,19,0.547800,0.411571
2,MOGWO,240,11,0.587969,0.441750
2,MOGWO,250,11,0.635239,0.477265
2,MOGWO,260,12,0.695775,0.522746
2,MOGWO,270,15,0.700166,0.526045
2,MOGWO,280,15,0.726648,0.545942
2,MOGWO,290,16,0.731931,0.549911
2,MOGWO,300,11,0.779445,0.585609
2,MOGWO,310,14,0.780139,0.586130
2,MOGWO,320,15,0.786653,0.591024
2,MOGWO,330,15,0.797676,0.599306
2,MOGWO,340,12,0.801064,0.601852
2,MOGWO,350,13,0.840210,0.631262
2,MOGWO,360,14,0.840258,0.631298
2,MOGWO,370,14,0.840258,0.631298
2,MOGWO,380,15,0.840451,0.631443
2,MOGWO,390,14,0.842751,0.633171
2,MOGWO,400,16,0.842819,0.633222
2,MOGWO,410,16,0.850892,0.639287
2,MOGWO,420,16,0.850892,0.639287
2,MOGWO,430,16,0.850892,0.639287
2,MOGWO,440,18,0.851318,0.639608
2,MOGWO,450,19,0.851320,0.639609
2,MOGWO,460,20,0.851393,0.639664
2,MOGWO,470,20,0.851393,0.639664
2,MOGWO,480,23,0.852945,0.640830
2,MOGWO,490,23,0.852945,0.640830
2,MOGWO,500,23,0.852945,0.640830
2,NSGA-II,10,20,0.000000,0.000000
2,NSGA-II,20,22,0.000000,0.000000
2,NSGA-II,30,30,0.000000,0.000000
2,NSGA-II,40,28,0.000000,0.000000
2,NSGA-II,50,29,0.000000,0.000000
2,NSGA-II,60,20,0.000000,0.000000
2,NSGA-II,70,18,0.000000,0.000000
2,NSGA-II,80,28,0.000000,0.000000
2,NSGA-II,90,20,0.000000,0.000000
2,NSGA-II,100,27,0.000000,0.000000
2,NSGA-II,110,21,0.000000,0.000000
2,NSGA-II,120,20,0.000000,0.000000
2,NSGA-II,130,10,0.009617,0.007226
2,NSGA-II,140,13,0.009617,0.007226
2,NSGA-II,150,20,0.011328,0.008511
2,NSGA-II,160,28,0.029225,0.021957
2,NSGA-II,170,15,0.053591,0.040264
2,NSGA-II,180,17,0.102040,0.076665
2,NSGA-II,190,11,0.135628,0.101899
2,NSGA-II,200,13,0.136473,0.102534
2,NSGA-II,210,15,0.137893,0.103601
2,NSGA-II,220,11,0.182371,0.137018
2,NSGA-II,230,17,0.203300,0.152742
2,NSGA-II,240,8,0.385143,0.289364
2,NSGA-II,250,7,0.385498,0.289631
2,NSGA-II,260,7,0.385498,0.289631
2,NSGA-II,270,9,0.387715,0.291296
2,NSGA-II,280,9,0.387715,0.291296
2,NSGA-II,290,11,0.419606,0.315256
2,NSGA-II,300,11,0.419606,0.315256
2,NSGA-II,310,12,0.427977,0.321546
2,NSGA-II,320,11,0.429287,0.322529
2,NSGA-II,330,14,0.431865,0.324467
2,NSGA-II,340,16,0.442103,0.332159
2,NSGA-II,350,16,0.522975,0.392919
2,NSGA-II,360,18,0.525015,0.394451
2,NSGA-II,370,18,0.535897,0.402628
2,NSGA-II,380,14,0.736585,0.553407
2,NSGA-II,390,16,0.737654,0.554210
2,NSGA-II,400,12,0.870602,0.654096
2,NSGA-II,410,12,0.870602,0.654096
2,NSGA-II,420,7,0.885114,0.665000
2,NSGA-II,430,10,0.887324,0.666659
2,NSGA-II,440,13,0.888008,0.667173
2,NSGA-II,450,11,0.897916,0.674617
2,NSGA-II,460,11,0.897916,0.674617
2,NSGA-II,470,11,0.897916,0.674617
2,NSGA-II,480,10,0.903311,0.678671
2,NSGA-II,490,11,0.907273,0.681647
2,NSGA-II,500,12,0.907340,0.681698
2,NSGA-III,10,28,0.000000,0.000000
2,NSGA-III,20,26,0.000000,0.000000
2,NSGA-III,30,23,0.000000,0.000000
2,NSGA-III,40,17,0.000000,0.000000
2,NSGA-III,50,13,0.000000,0.000000
2,NSGA-III,60,25,0.000000,0.000000
2,NSGA-III,70,16,0.000000,0.000000
2,NSGA-III,80,15,0.000000,0.000000
2,NSGA-III,90,19,0.000000,0.000000
2,NSGA-III,100,8,0.000000,0.000000
2,NSGA-III,110,10,0.000000,0.000000
2,NSGA-III,120,17,0.000000,0.000000
2,NSGA-III,130,25,0.000000,0.000000
2,NSGA-III,140,16,0.000000,0.000000
2,NSGA-III,150,12,0.000000,0.000000
2,NSGA-III,160,7,0.000000,0.000000
2,NSGA-III,170,9,0.021752,0.016343
2,NSGA-III,180,8,0.023756,0.017848
2,NSGA-III,190,11,0.023756,0.017848
2,NSGA-III,200,15,0.053956,0.040538
2,NSGA-III,210,18,0.075655,0.056841
2,NSGA-III,220,8,0.278256,0.209058
2,NSGA-III,230,9,0.329858,0.247827
2,NSGA-III,240,8,0.340646,0.255932
2,NSGA-III,250,5,0.556270,0.417934
2,NSGA-III,260,7,0.573860,0.431150
2,NSGA-III,270,10,0.585651,0.440008
2,NSGA-III,280,9,0.595031,0.447056
2,NSGA-III,290,9,0.595031,0.447056
2,NSGA-III,300,13,0.603194,0.453188
2,NSGA-III,310,13,0.696837,0.523544
2,NSGA-III,320,16,0.700248,0.526107
2,NSGA-III,330,16,0.756895,0.568667
2,NSGA-III,340,15,0.761669,0.572253
2,NSGA-III,350,15,0.765620,0.575222
2,NSGA-III,360,13,0.772453,0.580355
2,NSGA-III,370,14,0.790584,0.593977
2,NSGA-III,380,15,0.790621,0.594005
2,NSGA-III,390,18,0.797855,0.599440
2,NSGA-III,400,19,0.821163,0.616952
2,NSGA-III,410,19,0.821163,0.616952
2,NSGA-III,420,17,0.858289,0.644845
2,NSGA-III,430,20,0.864701,0.649663
2,NSGA-III,440,22,0.870141,0.653750
2,NSGA-III,450,24,0.870866,0.654294
2,NSGA-III,460,25,0.871748,0.654957
2,NSGA-III,470,26,0.898235,0.674857
2,NSGA-III,480,22,0.901174,0.677066
2,NSGA-III,490,16,1.052087,0.790449
2,NSGA-III,500,17,1.052089,0.790450
3,MOGWO,10,23,0.028957,0.021755
3,MOGWO,20,26,0.056174,0.042204
3,MOGWO,30,42,0.060772,0.045659
3,MOGWO,40,30,0.062463,0.046929
3,MOGWO,50,32,0.064164,0.048207
3,MOGWO,60,35,0.065229,0.049008
3,MOGWO,70,37,0.066346,0.049847
3,MOGWO,80,44,0.066431,0.049911
3,MOGWO,90,51,0.067047,0.050374
3,MOGWO,100,41,0.069309,0.052073
3,MOGWO,110,38,0.070326,0.052837
3,MOGWO,120,39,0.080636,0.060583
3,MOGWO,130,40,0.087453,0.065705
3,MOGWO,140,39,0.088766,0.066692
3,MOGWO,150,42,0.088805,0.066721
3,MOGWO,160,48,0.094199,0.070773
3,MOGWO,170,50,0.095196,0.071522
3,MOGWO,180,47,0.096259,0.072321
3,MOGWO,190,47,0.096685,0.072641
3,MOGWO,200,54,0.099604,0.074834
3,MOGWO,210,42,0.102509,0.077017
3,MOGWO,220,41,0.109101,0.081969
3,MOGWO,230,34,0.113005,0.084902
3,MOGWO,240,28,0.128662,0.096666
3,MOGWO,250,41,0.136548,0.102590
3,MOGWO,260,52,0.145234,0.109117
3,MOGWO,270,35,0.158470,0.119061
3,MOGWO,280,39,0.160755,0.120777
3,MOGWO,290,30,0.164140,0.123321
3,MOGWO,300,39,0.166195,0.124865
3,MOGWO,310,42,0.167742,0.126027
3,MOGWO,320,44,0.168583,0.126659
3,MOGWO,330,39,0.171363,0.128748
3,MOGWO,340,41,0.172842,0.129859
3,MOGWO,350,45,0.176515,0.132618
3,MOGWO,360,44,0.181831,0.136612
3,MOGWO,370,37,0.185052,0.139032
3,MOGWO,380,42,0.186028,0.139765
3,MOGWO,390,45,0.187910,0.141180
3,MOGWO,400,41,0.189363,0.142271
3,MOGWO,410,50,0.189820,0.142614
3,MOGWO,420,45,0.190472,0.143104
3,MOGWO,430,58,0.196216,0.147420
3,MOGWO,440,46,0.197023,0.148027
3,MOGWO,450,35,0.198065,0.148809
3,MOGWO,460,36,0.200609,0.150721
3,MOGWO,470,35,0.201139,0.151119
3,MOGWO,480,40,0.205027,0.154040
3,MOGWO,490,34,0.206138,0.154875
3,MOGWO,500,36,0.207869,0.156175
3,NSGA-II,10,23,0.049844,0.037448
3,NSGA-II,20,26,0.058143,0.043684
3,NSGA-II,30,23,0.074728,0.056145
3,NSGA-II,40,30,0.077668,0.058353
3,NSGA-II,50,40,0.079993,0.060100
3,NSGA-II,60,34,0.083656,0.062852
3,NSGA-II,70,42,0.095500,0.071750
3,NSGA-II,80,26,0.100883,0.075795
3,NSGA-II,90,26,0.104337,0.078390
3,NSGA-II,100,33,0.104947,0.078848
3,NSGA-II,110,38,0.104984,0.078876
3,NSGA-II,120,39,0.109720,0.082434
3,NSGA-II,130,41,0.119385,0.089696
3,NSGA-II,140,45,0.124184,0.093301
3,NSGA-II,150,42,0.126213,0.094825
3,NSGA-II,160,28,0.129934,0.097621
3,NSGA-II,170,27,0.133013,0.099935
3,NSGA-II,180,29,0.135159,0.101547
3,NSGA-II,190,30,0.138132,0.103781
3,NSGA-II,200,35,0.153553,0.115367
3,NSGA-II,210,39,0.155497,0.116827
3,NSGA-II,220,39,0.155655,0.116946
3,NSGA-II,230,42,0.165391,0.124261
3,NSGA-II,240,43,0.165583,0.124405
3,NSGA-II,250,38,0.168275,0.126428
3,NSGA-II,260,35,0.168359,0.126491
3,NSGA-II,270,40,0.170003,0.127726
3,NSGA-II,280,38,0.170090,0.127791
3,NSGA-II,290,41,0.170327,0.127969
3,NSGA-II,300,44,0.170502,0.128100
3,NSGA-II,310,42,0.176432,0.132556
3,NSGA-II,320,45,0.176756,0.132799
3,NSGA-II,330,44,0.177042,0.133014
3,NSGA-II,340,47,0.177558,0.133402
3,NSGA-II,350,43,0.177708,0.133515
3,NSGA-II,360,45,0.177709,0.133516
3,NSGA-II,370,48,0.180243,0.135419
3,NSGA-II,380,44,0.180935,0.135939
3,NSGA-II,390,43,0.181210,0.136146
3,NSGA-II,400,42,0.181223,0.136156
3,NSGA-II,410,44,0.181259,0.136183
3,NSGA-II,420,41,0.181769,0.136566
3,NSGA-II,430,45,0.182808,0.137346
3,NSGA-II,440,46,0.183953,0.138207
3,NSGA-II,450,50,0.184077,0.138300
3,NSGA-II,460,50,0.184444,0.138576
3,NSGA-II,470,55,0.186624,0.140214
3,NSGA-II,480,56,0.187218,0.140660
3,NSGA-II,490,58,0.190386,0.143040
3,NSGA-II,500,57,0.256759,0.192907
3,NSGA-III,10,25,0.056266,0.042273
3,NSGA-III,20,30,0.068988,0.051832
3,NSGA-III,30,44,0.072522,0.054487
3,NSGA-III,40,54,0.077744,0.058411
3,NSGA-III,50,58,0.087868,0.066016
3,NSGA-III,60,57,0.092956,0.069839
3,NSGA-III,70,52,0.097544,0.073286
3,NSGA-III,80,51,0.103577,0.077819
3,NSGA-III,90,47,0.113094,0.084969
3,NSGA-III,100,40,0.133045,0.099959
3,NSGA-III,110,54,0.137467,0.103281
3,NSGA-III,120,57,0.141549,0.106348
3,NSGA-III,130,51,0.149705,0.112476
3,NSGA-III,140,48,0.153222,0.115118
3,NSGA-III,150,46,0.156315,0.117442
3,NSGA-III,160,50,0.162594,0.122159
3,NSGA-III,170,46,0.164378,0.123499
3,NSGA-III,180,53,0.180763,0.135810
3,NSGA-III,190,59,0.181364,0.136261
3,NSGA-III,200,52,0.227217,0.170711
3,NSGA-III,210,57,0.227478,0.170908
3,NSGA-III,220,60,0.227810,0.171157
3,NSGA-III,230,63,0.228166,0.171425
3,NSGA-III,240,48,0.232006,0.174310
3,NSGA-III,250,49,0.233242,0.175238
3,NSGA-III,260,51,0.236209,0.177467
3,NSGA-III,270,56,0.236377,0.177593
3,NSGA-III,280,60,0.259519,0.194981
3,NSGA-III,290,64,0.269100,0.202179
3,NSGA-III,300,68,0.269354,0.202370
3,NSGA-III,310,74,0.270059,0.202899
3,NSGA-III,320,75,0.271641,0.204088
3,NSGA-III,330,77,0.273496,0.205482
3,NSGA-III,340,59,0.358517,0.269359
3,NSGA-III,350,61,0.369786,0.277826
3,NSGA-III,360,59,0.421355,0.316570
3,NSGA-III,370,60,0.422152,0.317169
3,NSGA-III,380,59,0.422800,0.317656
3,NSGA-III,390,56,0.438300,0.329301
3,NSGA-III,400,50,0.445332,0.334585
3,NSGA-III,410,38,0.486623,0.365607
3,NSGA-III,420,42,0.511053,0.383962
3,NSGA-III,430,45,0.513876,0.386082
3,NSGA-III,440,40,0.598947,0.449998
3,NSGA-III,450,41,0.742703,0.558004
3,NSGA-III,460,45,0.744220,0.559144
3,NSGA-III,470,45,0.765807,0.575362
3,NSGA-III,480,43,0.804809,0.604665
3,NSGA-III,490,46,0.847863,0.637012
3,NSGA-III,500,48,0.847874,0.637020
4,MOGWO,10,22,0.000000,0.000000
4,MOGWO,20,32,0.000000,0.000000
4,MOGWO,30,25,0.000000,0.000000
4,MOGWO,40,19,0.000000,0.000000
4,MOGWO,50,21,0.000000,0.000000
4,MOGWO,60,29,0.000000,0.000000
4,MOGWO,70,34,0.000000,0.000000
4,MOGWO,80,37,0.000000,0.000000
4,MOGWO,90,27,0.000000,0.000000
4,MOGWO,100,29,0.000000,0.000000
4,MOGWO,110,31,0.000000,0.000000
4,MOGWO,120,32,0.000000,0.000000
4,MOGWO,130,26,0.000000,0.000000
4,MOGWO,140,29,0.000000,0.000000
4,MOGWO,150,40,0.001857,0.001395
4,MOGWO,160,43,0.001857,0.001395
4,MOGWO,170,41,0.001857,0.001395
4,MOGWO,180,33,0.008251,0.006199
4,MOGWO,190,42,0.008251,0.006199
4,MOGWO,200,22,0.008302,0.006237
4,MOGWO,210,26,0.008371,0.006289
4,MOGWO,220,48,0.008371,0.006289
4,MOGWO,230,37,0.010470,0.007866
4,MOGWO,240,31,0.015513,0.011655
4,MOGWO,250,28,0.018118,0.013613
4,MOGWO,260,30,0.022186,0.016669
4,MOGWO,270,30,0.029179,0.021923
4,MOGWO,280,46,0.030403,0.022842
4,MOGWO,290,52,0.032173,0.024172
4,MOGWO,300,47,0.036079,0.027107
4,MOGWO,310,57,0.036373,0.027328
4,MOGWO,320,59,0.036999,0.027798
4,MOGWO,330,57,0.037372,0.028078
4,MOGWO,340,58,0.040554,0.030469
4,MOGWO,350,59,0.041479,0.031164
4,MOGWO,360,57,0.042855,0.032197
4,MOGWO,370,46,0.046867,0.035212
4,MOGWO,380,34,0.050124,0.037659
4,MOGWO,390,46,0.051016,0.038329
4,MOGWO,400,48,0.056211,0.042232
4,MOGWO,410,47,0.057831,0.043449
4,MOGWO,420,46,0.059074,0.044383
4,MOGWO,430,45,0.059305,0.044557
4,MOGWO,440,47,0.059772,0.044907
4,MOGWO,450,53,0.060027,0.045100
4,MOGWO,460,58,0.060038,0.045108
4,MOGWO,470,58,0.060103,0.045156
4,MOGWO,480,54,0.060361,0.045350
4,MOGWO,490,51,0.060472,0.045433
4,MOGWO,500,52,0.060473,0.045434
4,NSGA-II,10,21,0.000000,0.000000
4,NSGA-II,20,32,0.000000,0.000000
4,NSGA-II,30,23,0.000000,0.000000
4,NSGA-II,40,24,0.000000,0.000000
4,NSGA-II,50,36,0.000000,0.000000
4,NSGA-II,60,21,0.004335,0.003257
4,NSGA-II,70,20,0.012789,0.009609
4,NSGA-II,80,20,0.016778,0.012606
4,NSGA-II,90,32,0.035432,0.026621
4,NSGA-II,100,39,0.060243,0.045262
4,NSGA-II,110,10,0.083784,0.062948
4,NSGA-II,120,10,0.096342,0.072383
4,NSGA-II,130,14,0.118679,0.089165
4,NSGA-II,140,15,0.129710,0.097453
4,NSGA-II,150,21,0.164775,0.123798
4,NSGA-II,160,8,0.296817,0.223003
4,NSGA-II,170,5,0.318289,0.239135
4,NSGA-II,180,7,0.319713,0.240205
4,NSGA-II,190,8,0.335642,0.252173
4,NSGA-II,200,11,0.393422,0.295584
4,NSGA-II,210,12,0.434501,0.326447
4,NSGA-II,220,6,0.479943,0.360588
4,NSGA-II,230,10,0.482849,0.362772
4,NSGA-II,240,12,0.483000,0.362885
4,NSGA-II,250,14,0.483923,0.363578
4,NSGA-II,260,13,0.539263,0.405157
4,NSGA-II,270,15,0.545059,0.409511
4,NSGA-II,280,17,0.548296,0.411943
4,NSGA-II,290,19,0.552112,0.414810
4,NSGA-II,300,19,0.552112,0.414810
4,NSGA-II,310,19,0.563721,0.423532
4,NSGA-II,320,13,0.565081,0.424554
4,NSGA-II,330,16,0.568331,0.426995
4,NSGA-II,340,17,0.578665,0.434760
4,NSGA-II,350,13,0.605310,0.454779
4,NSGA-II,360,14,0.677973,0.509371
4,NSGA-II,370,12,0.678485,0.509756
4,NSGA-II,380,16,0.680039,0.510924
4,NSGA-II,390,16,0.683012,0.513157
4,NSGA-II,400,3,0.798216,0.599711
4,NSGA-II,410,3,0.798216,0.599711
4,NSGA-II,420,4,0.823996,0.619080
4,NSGA-II,430,5,0.827851,0.621976
4,NSGA-II,440,7,0.827851,0.621976
4,NSGA-II,450,11,0.872173,0.655277
4,NSGA-II,460,10,0.876800,0.658753
4,NSGA-II,470,10,0.876800,0.658753
4,NSGA-II,480,10,0.905109,0.680022
4,NSGA-II,490,9,0.906523,0.681084
4,NSGA-II,500,9,0.912412,0.685509
4,NSGA-III,10,14,0.000000,0.000000
4,NSGA-III,20,41,0.000000,0.000000
4,NSGA-III,30,37,0.008347,0.006271
4,NSGA-III,40,22,0.008347,0.006271
4,NSGA-III,50,22,0.014481,0.010880
4,NSGA-III,60,13,0.045354,0.034075
4,NSGA-III,70,16,0.056517,0.042462
4,NSGA-III,80,24,0.072962,0.054817
4,NSGA-III,90,16,0.123483,0.092775
4,NSGA-III,100,18,0.157337,0.118210
4,NSGA-III,110,14,0.192746,0.144813
4,NSGA-III,120,6,0.292401,0.219685
4,NSGA-III,130,8,0.351157,0.263830
4,NSGA-III,140,13,0.389566,0.292686
4,NSGA-III,150,6,0.509906,0.383100
4,NSGA-III,160,6,0.549829,0.413095
4,NSGA-III,170,11,0.580435,0.436089
4,NSGA-III,180,12,0.691449,0.519496
4,NSGA-III,190,5,0.786735,0.591086
4,NSGA-III,200,7,0.787579,0.591720
4,NSGA-III,210,2,0.886045,0.665698
4,NSGA-III,220,6,0.897691,0.674449
4,NSGA-III,230,3,0.899113,0.675517
4,NSGA-III,240,5,0.966641,0.726251
4,NSGA-III,250,8,0.992342,0.745561
4,NSGA-III,260,7,0.993712,0.746591
4,NSGA-III,270,7,0.998925,0.750507
4,NSGA-III,280,7,0.998925,0.750507
4,NSGA-III,290,10,1.000157,0.751433
4,NSGA-III,300,11,1.000256,0.751507
4,NSGA-III,310,12,1.000277,0.751523
4,NSGA-III,320,14,1.004963,0.755043
4,NSGA-III,330,17,1.005084,0.755134
4,NSGA-III,340,16,1.007674,0.757080
4,NSGA-III,350,17,1.032604,0.775811
4,NSGA-III,360,6,1.129803,0.848838
4,NSGA-III,370,4,1.141793,0.857846
4,NSGA-III,380,4,1.141793,0.857846
4,NSGA-III,390,5,1.149939,0.863966
4,NSGA-III,400,6,1.162641,0.873509
4,NSGA-III,410,9,1.166504,0.876412
4,NSGA-III,420,9,1.166504,0.876412
4,NSGA-III,430,10,1.171474,0.880146
4,NSGA-III,440,11,1.175598,0.883244
4,NSGA-III,450,11,1.175598,0.883244
4,NSGA-III,460,10,1.229853,0.924007
4,NSGA-III,470,10,1.229853,0.924007
4,NSGA-III,480,9,1.299456,0.976301
4,NSGA-III,490,10,1.299999,0.976709
4,NSGA-III,500,11,1.300003,0.976712
5,MOGWO,10,19,0.023198,0.017429
5,MOGWO,20,23,0.039732,0.029851
5,MOGWO,30,29,0.041602,0.031256
5,MOGWO,40,33,0.041665,0.031303
5,MOGWO,50,35,0.042562,0.031978
5,MOGWO,60,36,0.043486,0.032672
5,MOGWO,70,36,0.043962,0.033029
5,MOGWO,80,28,0.044635,0.033535
5,MOGWO,90,30,0.044884,0.033722
5,MOGWO,100,34,0.058159,0.043696
5,MOGWO,110,36,0.058319,0.043816
5,MOGWO,120,35,0.060508,0.045461
5,MOGWO,130,35,0.062880,0.047242
5,MOGWO,140,39,0.062880,0.047243
5,MOGWO,150,48,0.063804,0.047937
5,MOGWO,160,44,0.064409,0.048392
5,MOGWO,170,43,0.068190,0.051232
5,MOGWO,180,45,0.069122,0.051932
5,MOGWO,190,55,0.072786,0.054685
5,MOGWO,200,66,0.089990,0.067611
5,MOGWO,210,64,0.091465,0.068719
5,MOGWO,220,79,0.092153,0.069236
5,MOGWO,230,72,0.095767,0.071952
5,MOGWO,240,73,0.096722,0.072668
5,MOGWO,250,51,0.112072,0.084201
5,MOGWO,260,63,0.117031,0.087927
5,MOGWO,270,64,0.118011,0.088664
5,MOGWO,280,65,0.118816,0.089268
5,MOGWO,290,70,0.119079,0.089466
5,MOGWO,300,72,0.119161,0.089528
5,MOGWO,310,75,0.119679,0.089917
5,MOGWO,320,76,0.120858,0.090802
5,MOGWO,330,79,0.121618,0.091373
5,MOGWO,340,85,0.124983,0.093901
5,MOGWO,350,78,0.128023,0.096185
5,MOGWO,360,82,0.129234,0.097095
5,MOGWO,370,84,0.130316,0.097908
5,MOGWO,380,88,0.131869,0.099075
5,MOGWO,390,85,0.134609,0.101134
5,MOGWO,400,90,0.134741,0.101233
5,MOGWO,410,99,0.134808,0.101283
5,MOGWO,420,90,0.135523,0.101821
5,MOGWO,430,94,0.135860,0.102074
5,MOGWO,440,97,0.137483,0.103293
5,MOGWO,450,97,0.137663,0.103429
5,MOGWO,460,97,0.141603,0.106388
5,MOGWO,470,91,0.142663,0.107185
5,MOGWO,480,92,0.145236,0.109118
5,MOGWO,490,97,0.148286,0.111409
5,MOGWO,500,100,0.149026,0.111965
5,NSGA-II,10,23,0.032776,0.024625
5,NSGA-II,20,24,0.052875,0.039726
5,NSGA-II,30,20,0.061893,0.046501
5,NSGA-II,40,13,0.076556,0.057518
5,NSGA-II,50,15,0.088139,0.066220
5,NSGA-II,60,26,0.102974,0.077366
5,NSGA-II,70,29,0.137894,0.103602
5,NSGA-II,80,9,0.251095,0.188651
5,NSGA-II,90,15,0.260769,0.195920
5,NSGA-II,100,12,0.280025,0.210387
5,NSGA-II,110,7,0.394964,0.296742
5,NSGA-II,120,11,0.445422,0.334653
5,NSGA-II,130,9,0.488959,0.367362
5,NSGA-II,140,10,0.489032,0.367417
5,NSGA-II,150,9,0.627622,0.471541
5,NSGA-II,160,11,0.628082,0.471887
5,NSGA-II,170,9,0.646520,0.485740
5,NSGA-II,180,12,0.707928,0.531876
5,NSGA-II,190,12,0.743822,0.558845
5,NSGA-II,200,16,0.779587,0.585715
5,NSGA-II,210,7,0.808675,0.607570
5,NSGA-II,220,10,0.852293,0.640341
5,NSGA-II,230,11,0.920208,0.691366
5,NSGA-II,240,16,0.920365,0.691484
5,NSGA-II,250,16,0.921499,0.692336
5,NSGA-II,260,11,0.978987,0.735527
5,NSGA-II,270,18,0.983416,0.738855
5,NSGA-II,280,14,1.044606,0.784828
5,NSGA-II,290,14,1.044606,0.784828
5,NSGA-II,300,8,1.061999,0.797896
5,NSGA-II,310,10,1.107910,0.832389
5,NSGA-II,320,10,1.121653,0.842714
5,NSGA-II,330,12,1.123000,0.843727
5,NSGA-II,340,13,1.150502,0.864389
5,NSGA-II,350,11,1.166206,0.876188
5,NSGA-II,360,11,1.166206,0.876188
5,NSGA-II,370,12,1.222293,0.918327
5,NSGA-II,380,12,1.222293,0.918327
5,NSGA-II,390,14,1.225087,0.920426
5,NSGA-II,400,16,1.227924,0.922557
5,NSGA-II,410,17,1.228035,0.922641
5,NSGA-II,420,21,1.230459,0.924462
5,NSGA-II,430,20,1.230954,0.924834
5,NSGA-II,440,22,1.234301,0.927348
5,NSGA-II,450,22,1.235620,0.928340
5,NSGA-II,460,13,1.255934,0.943602
5,NSGA-II,470,13,1.255934,0.943602
5,NSGA-II,480,14,1.295909,0.973636
5,NSGA-II,490,14,1.304223,0.979882
5,NSGA-II,500,14,1.305405,0.980770
5,NSGA-III,10,13,0.043423,0.032624
5,NSGA-III,20,27,0.053505,0.040199
5,NSGA-III,30,36,0.054831,0.041195
5,NSGA-III,40,24,0.059153,0.044443
5,NSGA-III,50,33,0.063538,0.047737
5,NSGA-III,60,39,0.079285,0.059568
5,NSGA-III,70,32,0.082314,0.061844
5,NSGA-III,80,32,0.089476,0.067224
5,NSGA-III,90,32,0.104279,0.078347
5,NSGA-III,100,22,0.292899,0.220060
5,NSGA-III,110,27,0.293677,0.220644
5,NSGA-III,120,28,0.300552,0.225809
5,NSGA-III,130,28,0.304597,0.228848
5,NSGA-III,140,32,0.305351,0.229415
5,NSGA-III,150,34,0.322161,0.242044
5,NSGA-III,160,32,0.351220,0.263877
5,NSGA-III,170,31,0.366592,0.275426
5,NSGA-III,180,24,0.446265,0.335285
5,NSGA-III,190,26,0.447510,0.336221
5,NSGA-III,200,24,0.453169,0.340472
5,NSGA-III,210,30,0.454078,0.341155
5,NSGA-III,220,36,0.454500,0.341473
5,NSGA-III,230,37,0.454609,0.341554
5,NSGA-III,240,40,0.454635,0.341574
5,NSGA-III,250,39,0.454755,0.341664
5,NSGA-III,260,46,0.455977,0.342583
5,NSGA-III,270,47,0.480634,0.361108
5,NSGA-III,280,40,0.508517,0.382057
5,NSGA-III,290,40,0.508638,0.382147
5,NSGA-III,300,46,0.509265,0.382618
5,NSGA-III,310,36,0.567053,0.426035
5,NSGA-III,320,33,0.575572,0.432436
5,NSGA-III,330,35,0.576181,0.432893
5,NSGA-III,340,31,0.576249,0.432945
5,NSGA-III,350,32,0.576252,0.432947
5,NSGA-III,360,34,0.607746,0.456608
5,NSGA-III,370,37,0.609330,0.457799
5,NSGA-III,380,36,0.610300,0.458527
5,NSGA-III,390,39,0.613941,0.461263
5,NSGA-III,400,36,0.656002,0.492864
5,NSGA-III,410,37,0.667138,0.501231
5,NSGA-III,420,37,0.669024,0.502648
5,NSGA-III,430,30,0.710107,0.533514
5,NSGA-III,440,32,0.711292,0.534404
5,NSGA-III,450,27,0.735040,0.552246
5,NSGA-III,460,10,0.846576,0.636045
5,NSGA-III,470,13,0.851189,0.639511
5,NSGA-III,480,15,0.852448,0.640456
5,NSGA-III,490,15,0.852448,0.640456
5,NSGA-III,500,14,0.852460,0.640466
6,MOGWO,10,22,0.000000,0.000000
6,MOGWO,20,32,0.000000,0.000000
6,MOGWO,30,32,0.000000,0.000000
6,MOGWO,40,41,0.000000,0.000000
6,MOGWO,50,26,0.013601,0.010218
6,MOGWO,60,26,0.013601,0.010218
6,MOGWO,70,27,0.013601,0.010218
6,MOGWO,80,33,0.013601,0.010218
6,MOGWO,90,35,0.013601,0.010218
6,MOGWO,100,27,0.013901,0.010444
6,MOGWO,110,29,0.013901,0.010444
6,MOGWO,120,32,0.014821,0.011135
6,MOGWO,130,44,0.023454,0.017621
6,MOGWO,140,45,0.029971,0.022518
6,MOGWO,150,51,0.030007,0.022545
6,MOGWO,160,50,0.030092,0.022609
6,MOGWO,170,69,0.030452,0.022879
6,MOGWO,180,36,0.031801,0.023892
6,MOGWO,190,40,0.036920,0.027738
6,MOGWO,200,25,0.052512,0.039453
6,MOGWO,210,31,0.052878,0.039728
6,MOGWO,220,32,0.054694,0.041092
6,MOGWO,230,32,0.058660,0.044072
6,MOGWO,240,25,0.059794,0.044924
6,MOGWO,250,40,0.060930,0.045778
6,MOGWO,260,45,0.064813,0.048695
6,MOGWO,270,37,0.066134,0.049688
6,MOGWO,280,43,0.069689,0.052358
6,MOGWO,290,55,0.070261,0.052788
6,MOGWO,300,58,0.071132,0.053442
6,MOGWO,310,52,0.072844,0.054729
6,MOGWO,320,57,0.074322,0.055840
6,MOGWO,330,49,0.074622,0.056065
6,MOGWO,340,49,0.074871,0.056252
6,MOGWO,350,54,0.075437,0.056677
6,MOGWO,360,54,0.075577,0.056782
6,MOGWO,370,58,0.075680,0.056860
6,MOGWO,380,60,0.075837,0.056977
6,MOGWO,390,62,0.077101,0.057927
6,MOGWO,400,61,0.078170,0.058730
6,MOGWO,410,63,0.078471,0.058956
6,MOGWO,420,71,0.084047,0.063145
6,MOGWO,430,73,0.084519,0.063500
6,MOGWO,440,75,0.084791,0.063705
6,MOGWO,450,75,0.085561,0.064283
6,MOGWO,460,62,0.085756,0.064429
6,MOGWO,470,64,0.085800,0.064463
6,MOGWO,480,74,0.086017,0.064626
6,MOGWO,490,79,0.087113,0.065449
6,MOGWO,500,72,0.087487,0.065730
6,NSGA-II,10,21,0.000000,0.000000
6,NSGA-II,20,37,0.015698,0.011794
6,NSGA-II,30,34,0.020610,0.015485
6,NSGA-II,40,37,0.023427,0.017601
6,NSGA-II,50,23,0.036602,0.027500
6,NSGA-II,60,25,0.036605,0.027502
6,NSGA-II,70,32,0.040812,0.030662
6,NSGA-II,80,33,0.044415,0.033370
6,NSGA-II,90,21,0.049995,0.037562
6,NSGA-II,100,20,0.050954,0.038282
6,NSGA-II,110,22,0.051459,0.038662
6,NSGA-II,120,23,0.052788,0.039661
6,NSGA-II,130,22,0.056434,0.042400
6,NSGA-II,140,23,0.076593,0.057545
6,NSGA-II,150,33,0.116957,0.087871
6,NSGA-II,160,31,0.150947,0.113409
6,NSGA-II,170,28,0.179407,0.134791
6,NSGA-II,180,23,0.227737,0.171102
6,NSGA-II,190,28,0.234761,0.176379
6,NSGA-II,200,35,0.242196,0.181965
6,NSGA-II,210,38,0.250137,0.187932
6,NSGA-II,220,27,0.255218,0.191749
6,NSGA-II,230,28,0.255323,0.191828
6,NSGA-II,240,29,0.258242,0.194021
6,NSGA-II,250,25,0.299911,0.225328
6,NSGA-II,260,28,0.307960,0.231375
6,NSGA-II,270,31,0.308590,0.231848
6,NSGA-II,280,26,0.346208,0.260111
6,NSGA-II,290,24,0.347638,0.261185
6,NSGA-II,300,33,0.353977,0.265948
6,NSGA-II,310,31,0.361077,0.271282
6,NSGA-II,320,31,0.365694,0.274751
6,NSGA-II,330,37,0.464551,0.349024
6,NSGA-II,340,43,0.477302,0.358604
6,NSGA-II,350,42,0.480131,0.360729
6,NSGA-II,360,34,0.641557,0.482011
6,NSGA-II,370,33,0.673322,0.505877
6,NSGA-II,380,29,0.690460,0.518753
6,NSGA-II,390,34,0.690957,0.519126
6,NSGA-II,400,22,0.724912,0.544637
6,NSGA-II,410,13,0.728532,0.547357
6,NSGA-II,420,17,0.753514,0.566126
6,NSGA-II,430,21,0.758918,0.570187
6,NSGA-II,440,21,0.775271,0.582472
6,NSGA-II,450,20,0.784285,0.589245
6,NSGA-II,460,22,0.784289,0.589248
6,NSGA-II,470,22,0.784304,0.589259
6,NSGA-II,480,21,0.784619,0.589496
6,NSGA-II,490,22,0.814235,0.611747
6,NSGA-II,500,23,0.828666,0.622589
6,NSGA-III,10,26,0.000000,0.000000
6,NSGA-III,20,22,0.010155,0.007629
6,NSGA-III,30,22,0.022318,0.016768
6,NSGA-III,40,27,0.034095,0.025616
6,NSGA-III,50,36,0.043529,0.032704
6,NSGA-III,60,29,0.044895,0.033730
6,NSGA-III,70,17,0.048464,0.036412
6,NSGA-III,80,22,0.060777,0.045663
6,NSGA-III,90,24,0.061429,0.046153
6,NSGA-III,100,24,0.062027,0.046602
6,NSGA-III,110,23,0.075115,0.056435
6,NSGA-III,120,19,0.076207,0.057255
6,NSGA-III,130,25,0.077091,0.057920
6,NSGA-III,140,29,0.077204,0.058005
6,NSGA-III,150,37,0.078396,0.058900
6,NSGA-III,160,42,0.078594,0.059049
6,NSGA-III,170,46,0.078708,0.059134
6,NSGA-III,180,45,0.079479,0.059714
6,NSGA-III,190,35,0.085866,0.064512
6,NSGA-III,200,42,0.086286,0.064828
6,NSGA-III,210,37,0.089426,0.067187
6,NSGA-III,220,19,0.137635,0.103407
6,NSGA-III,230,22,0.153141,0.115057
6,NSGA-III,240,24,0.172792,0.129821
6,NSGA-III,250,24,0.179497,0.134859
6,NSGA-III,260,24,0.184022,0.138258
6,NSGA-III,270,25,0.204000,0.153268
6,NSGA-III,280,16,0.228958,0.172020
6,NSGA-III,290,16,0.242084,0.181881
6,NSGA-III,300,16,0.246356,0.185091
6,NSGA-III,310,19,0.249472,0.187432
6,NSGA-III,320,21,0.253367,0.190358
6,NSGA-III,330,22,0.262370,0.197122
6,NSGA-III,340,25,0.304694,0.228921
6,NSGA-III,350,30,0.324148,0.243537
6,NSGA-III,360,30,0.340524,0.255841
6,NSGA-III,370,26,0.362751,0.272540
6,NSGA-III,380,31,0.375442,0.282075
6,NSGA-III,390,31,0.376844,0.283129
6,NSGA-III,400,33,0.379014,0.284759
6,NSGA-III,410,31,0.427084,0.320875
6,NSGA-III,420,33,0.429640,0.322795
6,NSGA-III,430,36,0.441376,0.331612
6,NSGA-III,440,21,0.491575,0.369328
6,NSGA-III,450,22,0.491736,0.369448
6,NSGA-III,460,25,0.496827,0.373273
6,NSGA-III,470,25,0.497752,0.373968
6,NSGA-III,480,29,0.498158,0.374273
6,NSGA-III,490,25,0.505503,0.379792
6,NSGA-III,500,26,0.507762,0.381489
7,MOGWO,10,28,0.000000,0.000000
7,MOGWO,20,21,0.000000,0.000000
7,MOGWO,30,29,0.000000,0.000000
7,MOGWO,40,29,0.000000,0.000000
7,MOGWO,50,24,0.000000,0.000000
7,MOGWO,60,33,0.000000,0.000000
7,MOGWO,70,37,0.000000,0.000000
7,MOGWO,80,37,0.000000,0.000000
7,MOGWO,90,31,0.000000,0.000000
7,MOGWO,100,38,0.000000,0.000000
7,MOGWO,110,44,0.001660,0.001247
7,MOGWO,120,44,0.001660,0.001247
7,MOGWO,130,45,0.009676,0.007270
7,MOGWO,140,53,0.009676,0.007270
7,MOGWO,150,38,0.009676,0.007270
7,MOGWO,160,37,0.009676,0.007270
7,MOGWO,170,39,0.009676,0.007270
7,MOGWO,180,34,0.014628,0.010991
7,MOGWO,190,46,0.026425,0.019854
7,MOGWO,200,41,0.029966,0.022514
7,MOGWO,210,28,0.049625,0.037284
7,MOGWO,220,36,0.050165,0.037690
7,MOGWO,230,25,0.051243,0.038500
7,MOGWO,240,35,0.056742,0.042631
7,MOGWO,250,28,0.067200,0.050488
7,MOGWO,260,32,0.075310,0.056581
7,MOGWO,270,47,0.076605,0.057555
7,MOGWO,280,48,0.079810,0.059962
7,MOGWO,290,44,0.084092,0.063179
7,MOGWO,300,46,0.088089,0.066182
7,MOGWO,310,38,0.089538,0.067271
7,MOGWO,320,42,0.090140,0.067723
7,MOGWO,330,49,0.090658,0.068113
7,MOGWO,340,49,0.101375,0.076164
7,MOGWO,350,49,0.101869,0.076536
7,MOGWO,360,46,0.102216,0.076797
7,MOGWO,370,43,0.103861,0.078032
7,MOGWO,380,46,0.104528,0.078533
7,MOGWO,390,47,0.104702,0.078664
7,MOGWO,400,52,0.105005,0.078892
7,MOGWO,410,50,0.105089,0.078955
7,MOGWO,420,46,0.105382,0.079175
7,MOGWO,430,46,0.105519,0.079278
7,MOGWO,440,49,0.106254,0.079830
7,MOGWO,450,52,0.106327,0.079885
7,MOGWO,460,44,0.107361,0.080662
7,MOGWO,470,46,0.107393,0.080686
7,MOGWO,480,46,0.110946,0.083355
7,MOGWO,490,38,0.111006,0.083400
7,MOGWO,500,39,0.111008,0.083402
7,NSGA-II,10,38,0.000000,0.000000
7,NSGA-II,20,39,0.000000,0.000000
7,NSGA-II,30,31,0.000000,0.000000
7,NSGA-II,40,17,0.000000,0.000000
7,NSGA-II,50,24,0.005086,0.003822
7,NSGA-II,60,3,0.029730,0.022337
7,NSGA-II,70,7,0.038587,0.028991
7,NSGA-II,80,10,0.095159,0.071494
7,NSGA-II,90,3,0.302609,0.227355
7,NSGA-II,100,2,0.393057,0.295310
7,NSGA-II,110,2,0.450447,0.338427
7,NSGA-II,120,2,0.450447,0.338427
7,NSGA-II,130,3,0.455925,0.342543
7,NSGA-II,140,1,0.758638,0.569976
7,NSGA-II,150,1,0.758638,0.569976
7,NSGA-II,160,1,0.758638,0.569976
7,NSGA-II,170,1,0.758638,0.569976
7,NSGA-II,180,3,0.765476,0.575114
7,NSGA-II,190,4,0.765520,0.575146
7,NSGA-II,200,4,0.819891,0.615996
7,NSGA-II,210,2,1.158264,0.870221
7,NSGA-II,220,4,1.168519,0.877926
7,NSGA-II,230,5,1.169064,0.878335
7,NSGA-II,240,6,1.169073,0.878342
7,NSGA-II,250,7,1.169572,0.878717
7,NSGA-II,260,5,1.171912,0.880475
7,NSGA-II,270,5,1.171912,0.880475
7,NSGA-II,280,6,1.179430,0.886123
7,NSGA-II,290,7,1.179441,0.886132
7,NSGA-II,300,8,1.185519,0.890698
7,NSGA-II,310,8,1.185573,0.890739
7,NSGA-II,320,4,1.194644,0.897554
7,NSGA-II,330,5,1.223436,0.919186
7,NSGA-II,340,5,1.223436,0.919186
7,NSGA-II,350,6,1.224224,0.919778
7,NSGA-II,360,6,1.224224,0.919778
7,NSGA-II,370,5,1.225083,0.920423
7,NSGA-II,380,4,1.251001,0.939896
7,NSGA-II,390,4,1.251349,0.940157
7,NSGA-II,400,5,1.252214,0.940807
7,NSGA-II,410,5,1.252214,0.940807
7,NSGA-II,420,7,1.268279,0.952877
7,NSGA-II,430,6,1.320110,0.991818
7,NSGA-II,440,6,1.320110,0.991818
7,NSGA-II,450,6,1.320110,0.991818
7,NSGA-II,460,7,1.320139,0.991840
7,NSGA-II,470,7,1.320139,0.991840
7,NSGA-II,480,7,1.320139,0.991840
7,NSGA-II,490,7,1.322051,0.993277
7,NSGA-II,500,7,1.322076,0.993296
7,NSGA-III,10,33,0.000000,0.000000
7,NSGA-III,20,20,0.000000,0.000000
7,NSGA-III,30,17,0.000000,0.000000
7,NSGA-III,40,21,0.000000,0.000000
7,NSGA-III,50,12,0.008268,0.006212
7,NSGA-III,60,20,0.025809,0.019390
7,NSGA-III,70,29,0.027817,0.020899
7,NSGA-III,80,24,0.028175,0.021168
7,NSGA-III,90,19,0.032240,0.024222
7,NSGA-III,100,19,0.092185,0.069260
7,NSGA-III,110,28,0.142703,0.107215
7,NSGA-III,120,6,0.275009,0.206618
7,NSGA-III,130,7,0.286441,0.215208
7,NSGA-III,140,8,0.305532,0.229550
7,NSGA-III,150,9,0.307264,0.230852
7,NSGA-III,160,10,0.307850,0.231292
7,NSGA-III,170,10,0.311522,0.234051
7,NSGA-III,180,11,0.347288,0.260923
7,NSGA-III,190,11,0.373361,0.280512
7,NSGA-III,200,15,0.378597,0.284445
7,NSGA-III,210,18,0.451451,0.339182
7,NSGA-III,220,17,0.456206,0.342755
7,NSGA-III,230,18,0.512345,0.384933
7,NSGA-III,240,18,0.512413,0.384983
7,NSGA-III,250,14,0.519578,0.390367
7,NSGA-III,260,15,0.527280,0.396153
7,NSGA-III,270,14,0.574463,0.431603
7,NSGA-III,280,14,0.578606,0.434715
7,NSGA-III,290,10,0.641306,0.481823
7,NSGA-III,300,11,0.642347,0.482604
7,NSGA-III,310,14,0.689365,0.517930
7,NSGA-III,320,16,0.689603,0.518109
7,NSGA-III,330,18,0.702771,0.528002
7,NSGA-III,340,12,0.730363,0.548732
7,NSGA-III,350,15,0.739071,0.555275
7,NSGA-III,360,17,0.740022,0.555990
7,NSGA-III,370,19,0.740697,0.556497
7,NSGA-III,380,13,0.829534,0.623241
7,NSGA-III,390,7,0.848809,0.637723
7,NSGA-III,400,8,0.849436,0.638194
7,NSGA-III,410,12,0.886769,0.666242
7,NSGA-III,420,10,0.889477,0.668277
7,NSGA-III,430,11,0.891387,0.669713
7,NSGA-III,440,12,0.891795,0.670018
7,NSGA-III,450,10,0.943998,0.709240
7,NSGA-III,460,12,0.946508,0.711126
7,NSGA-III,470,12,0.946508,0.711126
7,NSGA-III,480,12,0.946508,0.711126
7,NSGA-III,490,13,0.946562,0.711166
7,NSGA-III,500,13,0.948065,0.712296
8,MOGWO,10,30,0.002241,0.001683
8,MOGWO,20,34,0.002241,0.001683
8,MOGWO,30,34,0.005947,0.004468
8,MOGWO,40,31,0.005947,0.004468
8,MOGWO,50,38,0.005947,0.004468
8,MOGWO,60,38,0.005947,0.004468
8,MOGWO,70,41,0.005947,0.004468
8,MOGWO,80,42,0.018637,0.014002
8,MOGWO,90,36,0.018637,0.014002
8,MOGWO,100,36,0.018637,0.014002
8,MOGWO,110,32,0.018637,0.014002
8,MOGWO,120,42,0.021689,0.016295
8,MOGWO,130,46,0.025042,0.018815
8,MOGWO,140,54,0.025246,0.018968
8,MOGWO,150,52,0.026164,0.019657
8,MOGWO,160,42,0.032528,0.024438
8,MOGWO,170,48,0.032849,0.024680
8,MOGWO,180,51,0.036244,0.027231
8,MOGWO,190,36,0.037032,0.027822
8,MOGWO,200,53,0.038792,0.029145
8,MOGWO,210,21,0.066738,0.050141
8,MOGWO,220,15,0.120250,0.090345
8,MOGWO,230,24,0.170340,0.127979
8,MOGWO,240,42,0.177377,0.133266
8,MOGWO,250,51,0.180447,0.135573
8,MOGWO,260,52,0.187765,0.141070
8,MOGWO,270,59,0.189692,0.142518
8,MOGWO,280,49,0.191465,0.143850
8,MOGWO,290,41,0.245722,0.184615
8,MOGWO,300,47,0.253962,0.190805
8,MOGWO,310,43,0.284137,0.213476
8,MOGWO,320,42,0.293278,0.220344
8,MOGWO,330,34,0.309657,0.232650
8,MOGWO,340,34,0.315496,0.237037
8,MOGWO,350,41,0.318811,0.239527
8,MOGWO,360,46,0.323814,0.243286
8,MOGWO,370,52,0.341233,0.256374
8,MOGWO,380,54,0.341606,0.256654
8,MOGWO,390,58,0.341691,0.256717
8,MOGWO,400,64,0.341993,0.256945
8,MOGWO,410,62,0.343029,0.257723
8,MOGWO,420,73,0.360472,0.270828
8,MOGWO,430,71,0.362229,0.272148
8,MOGWO,440,74,0.362275,0.272183
8,MOGWO,450,77,0.363761,0.273299
8,MOGWO,460,73,0.363992,0.273472
8,MOGWO,470,74,0.364586,0.273919
8,MOGWO,480,75,0.364694,0.274000
8,MOGWO,490,78,0.364863,0.274127
8,MOGWO,500,80,0.364864,0.274127
8,NSGA-II,10,17,0.007400,0.005559
8,NSGA-II,20,17,0.028441,0.021368
8,NSGA-II,30,26,0.032767,0.024618
8,NSGA-II,40,21,0.061075,0.045886
8,NSGA-II,50,20,0.086389,0.064905
8,NSGA-II,60,26,0.095354,0.071641
8,NSGA-II,70,34,0.111775,0.083978
8,NSGA-II,80,34,0.116198,0.087301
8,NSGA-II,90,42,0.116430,0.087475
8,NSGA-II,100,45,0.140388,0.105476
8,NSGA-II,110,41,0.144490,0.108557
8,NSGA-II,120,44,0.160991,0.120955
8,NSGA-II,130,36,0.182803,0.137343
8,NSGA-II,140,41,0.183983,0.138229
8,NSGA-II,150,19,0.359130,0.269819
8,NSGA-II,160,21,0.363428,0.273049
8,NSGA-II,170,21,0.363460,0.273073
8,NSGA-II,180,21,0.364456,0.273821
8,NSGA-II,190,24,0.367511,0.276117
8,NSGA-II,200,25,0.369572,0.277665
8,NSGA-II,210,30,0.379816,0.285362
8,NSGA-II,220,34,0.379836,0.285376
8,NSGA-II,230,31,0.380405,0.285804
8,NSGA-II,240,30,0.382503,0.287380
8,NSGA-II,250,32,0.383406,0.288059
8,NSGA-II,260,29,0.385366,0.289531
8,NSGA-II,270,32,0.387630,0.291232
8,NSGA-II,280,23,0.477536,0.358780
8,NSGA-II,290,20,0.512258,0.384867
8,NSGA-II,300,21,0.536199,0.402854
8,NSGA-II,310,24,0.540087,0.405775
8,NSGA-II,320,20,0.542743,0.407771
8,NSGA-II,330,23,0.544140,0.408821
8,NSGA-II,340,24,0.553200,0.415627
8,NSGA-II,350,24,0.586518,0.440660
8,NSGA-II,360,28,0.671091,0.504201
8,NSGA-II,370,29,0.705200,0.529827
8,NSGA-II,380,31,0.711983,0.534924
8,NSGA-II,390,32,0.719458,0.540539
8,NSGA-II,400,33,0.739885,0.555887
8,NSGA-II,410,28,0.756361,0.568265
8,NSGA-II,420,29,0.809806,0.608419
8,NSGA-II,430,33,0.811114,0.609402
8,NSGA-II,440,30,0.819144,0.615435
8,NSGA-II,450,17,0.843972,0.634089
8,NSGA-II,460,20,0.844439,0.634439
8,NSGA-II,470,22,0.844531,0.634509
8,NSGA-II,480,23,0.849264,0.638065
8,NSGA-II,490,22,0.849326,0.638111
8,NSGA-II,500,20,0.947968,0.712222
8,NSGA-III,10,25,0.011644,0.008748
8,NSGA-III,20,36,0.012964,0.009740
8,NSGA-III,30,31,0.020922,0.015719
8,NSGA-III,40,25,0.030604,0.022993
8,NSGA-III,50,27,0.041103,0.030881
8,NSGA-III,60,24,0.063300,0.047558
8,NSGA-III,70,27,0.065224,0.049003
8,NSGA-III,80,24,0.085753,0.064427
8,NSGA-III,90,24,0.092106,0.069200
8,NSGA-III,100,23,0.092732,0.069671
8,NSGA-III,110,28,0.093331,0.070121
8,NSGA-III,120,30,0.093583,0.070310
8,NSGA-III,130,26,0.094310,0.070856
8,NSGA-III,140,22,0.097984,0.073617
8,NSGA-III,150,26,0.098682,0.074141
8,NSGA-III,160,36,0.103330,0.077633
8,NSGA-III,170,39,0.103516,0.077773
8,NSGA-III,180,34,0.104537,0.078540
8,NSGA-III,190,35,0.104575,0.078569
8,NSGA-III,200,40,0.104932,0.078837
8,NSGA-III,210,34,0.105023,0.078906
8,NSGA-III,220,39,0.105213,0.079048
8,NSGA-III,230,45,0.105399,0.079188
8,NSGA-III,240,43,0.106004,0.079642
8,NSGA-III,250,22,0.118728,0.089202
8,NSGA-III,260,14,0.121753,0.091475
8,NSGA-III,270,18,0.137160,0.103050
8,NSGA-III,280,22,0.147113,0.110528
8,NSGA-III,290,29,0.165638,0.124446
8,NSGA-III,300,34,0.191362,0.143773
8,NSGA-III,310,42,0.201506,0.151395
8,NSGA-III,320,44,0.239694,0.180086
8,NSGA-III,330,47,0.244316,0.183558
8,NSGA-III,340,38,0.252071,0.189385
8,NSGA-III,350,46,0.254128,0.190930
8,NSGA-III,360,45,0.260411,0.195651
8,NSGA-III,370,46,0.260640,0.195823
8,NSGA-III,380,51,0.264420,0.198662
8,NSGA-III,390,50,0.272871,0.205012
8,NSGA-III,400,53,0.273729,0.205657
8,NSGA-III,410,53,0.275988,0.207354
8,NSGA-III,420,40,0.286148,0.214987
8,NSGA-III,430,31,0.310053,0.232947
8,NSGA-III,440,27,0.347466,0.261056
8,NSGA-III,450,27,0.354218,0.266130
8,NSGA-III,460,29,0.355163,0.266839
8,NSGA-III,470,29,0.386281,0.290219
8,NSGA-III,480,33,0.386734,0.290559
8,NSGA-III,490,34,0.396631,0.297995
8,NSGA-III,500,33,0.401774,0.301858
9,MOGWO,10,20,0.028921,0.021729
9,MOGWO,20,31,0.029471,0.022142
9,MOGWO,30,30,0.031314,0.023527
9,MOGWO,40,23,0.031635,0.023768
9,MOGWO,50,25,0.032031,0.024065
9,MOGWO,60,24,0.042883,0.032219
9,MOGWO,70,21,0.042945,0.032265
9,MOGWO,80,20,0.044144,0.033166
9,MOGWO,90,31,0.048235,0.036240
9,MOGWO,100,21,0.066317,0.049825
9,MOGWO,110,25,0.070446,0.052927
9,MOGWO,120,31,0.075758,0.056918
9,MOGWO,130,43,0.083550,0.062772
9,MOGWO,140,42,0.087378,0.065648
9,MOGWO,150,35,0.108399,0.081442
9,MOGWO,160,33,0.193527,0.145399
9,MOGWO,170,46,0.208277,0.156482
9,MOGWO,180,49,0.215182,0.161670
9,MOGWO,190,67,0.225479,0.169406
9,MOGWO,200,51,0.305028,0.229172
9,MOGWO,210,51,0.317306,0.238397
9,MOGWO,220,22,0.482413,0.362444
9,MOGWO,230,24,0.494832,0.371775
9,MOGWO,240,31,0.496733,0.373203
9,MOGWO,250,39,0.499161,0.375027
9,MOGWO,260,26,0.548222,0.411887
9,MOGWO,270,26,0.556671,0.418235
9,MOGWO,280,27,0.567087,0.426061
9,MOGWO,290,27,0.569459,0.427843
9,MOGWO,300,33,0.604675,0.454301
9,MOGWO,310,43,0.607832,0.456673
9,MOGWO,320,44,0.615655,0.462551
9,MOGWO,330,48,0.617804,0.464165
9,MOGWO,340,51,0.619626,0.465534
9,MOGWO,350,53,0.620129,0.465912
9,MOGWO,360,44,0.638810,0.479948
9,MOGWO,370,49,0.651159,0.489226
9,MOGWO,380,52,0.651726,0.489651
9,MOGWO,390,56,0.652485,0.490221
9,MOGWO,400,60,0.655868,0.492764
9,MOGWO,410,66,0.656595,0.493309
9,MOGWO,420,71,0.656649,0.493350
9,MOGWO,430,65,0.670777,0.503965
9,MOGWO,440,63,0.672873,0.505540
9,MOGWO,450,66,0.673085,0.505698
9,MOGWO,460,66,0.673848,0.506272
9,MOGWO,470,54,0.678390,0.509685
9,MOGWO,480,53,0.681370,0.511924
9,MOGWO,490,57,0.681411,0.511954
9,MOGWO,500,58,0.681458,0.511989
9,NSGA-II,10,34,0.037637,0.028277
9,NSGA-II,20,35,0.055733,0.041873
9,NSGA-II,30,35,0.057329,0.043072
9,NSGA-II,40,40,0.058572,0.044006
9,NSGA-II,50,43,0.062612,0.047041
9,NSGA-II,60,31,0.073071,0.054900
9,NSGA-II,70,37,0.077151,0.057965
9,NSGA-II,80,36,0.078627,0.059074
9,NSGA-II,90,39,0.079139,0.059458
9,NSGA-II,100,35,0.093794,0.070469
9,NSGA-II,110,38,0.094258,0.070817
9,NSGA-II,120,36,0.094486,0.070989
9,NSGA-II,130,25,0.095843,0.072008
9,NSGA-II,140,33,0.096330,0.072374
9,NSGA-II,150,36,0.096456,0.072469
9,NSGA-II,160,33,0.097847,0.073514
9,NSGA-II,170,41,0.105217,0.079051
9,NSGA-II,180,33,0.105747,0.079449
9,NSGA-II,190,39,0.107152,0.080505
9,NSGA-II,200,36,0.107475,0.080748
9,NSGA-II,210,38,0.107907,0.081072
9,NSGA-II,220,42,0.108155,0.081258
9,NSGA-II,230,44,0.108321,0.081383
9,NSGA-II,240,48,0.108544,0.081551
9,NSGA-II,250,48,0.108744,0.081701
9,NSGA-II,260,47,0.110056,0.082686
9,NSGA-II,270,46,0.110160,0.082765
9,NSGA-II,280,53,0.110285,0.082859
9,NSGA-II,290,50,0.110405,0.082949
9,NSGA-II,300,49,0.110430,0.082968
9,NSGA-II,310,50,0.110430,0.082968
9,NSGA-II,320,52,0.110479,0.083004
9,NSGA-II,330,55,0.110959,0.083365
9,NSGA-II,340,58,0.111239,0.083576
9,NSGA-II,350,60,0.111280,0.083606
9,NSGA-II,360,67,0.111573,0.083826
9,NSGA-II,370,70,0.111608,0.083853
9,NSGA-II,380,70,0.111655,0.083888
9,NSGA-II,390,69,0.111715,0.083933
9,NSGA-II,400,72,0.111788,0.083988
9,NSGA-II,410,77,0.111916,0.084084
9,NSGA-II,420,80,0.111960,0.084117
9,NSGA-II,430,81,0.112216,0.084310
9,NSGA-II,440,85,0.122872,0.092316
9,NSGA-II,450,83,0.125073,0.093969
9,NSGA-II,460,85,0.133670,0.100428
9,NSGA-II,470,88,0.136083,0.102241
9,NSGA-II,480,88,0.136083,0.102241
9,NSGA-II,490,88,0.148817,0.111808
9,NSGA-II,500,89,0.156587,0.117646
9,NSGA-III,10,23,0.037885,0.028464
9,NSGA-III,20,28,0.045346,0.034069
9,NSGA-III,30,25,0.059133,0.044427
9,NSGA-III,40,29,0.072227,0.054265
9,NSGA-III,50,35,0.085223,0.064029
9,NSGA-III,60,47,0.091990,0.069114
9,NSGA-III,70,52,0.095087,0.071440
9,NSGA-III,80,25,0.117956,0.088622
9,NSGA-III,90,31,0.122038,0.091689
9,NSGA-III,100,28,0.134128,0.100772
9,NSGA-III,110,37,0.147068,0.110494
9,NSGA-III,120,40,0.202857,0.152410
9,NSGA-III,130,40,0.244423,0.183638
9,NSGA-III,140,21,0.275199,0.206761
9,NSGA-III,150,25,0.312248,0.234597
9,NSGA-III,160,29,0.344800,0.259053
9,NSGA-III,170,17,0.555258,0.417173
9,NSGA-III,180,25,0.620824,0.466434
9,NSGA-III,190,18,0.643614,0.483557
9,NSGA-III,200,7,0.766857,0.576151
9,NSGA-III,210,7,0.861847,0.647519
9,NSGA-III,220,7,0.864790,0.649730
9,NSGA-III,230,8,0.865514,0.650274
9,NSGA-III,240,10,0.866568,0.651065
9,NSGA-III,250,11,0.901268,0.677136
9,NSGA-III,260,9,0.933947,0.701688
9,NSGA-III,270,9,1.024351,0.769610
9,NSGA-III,280,15,1.062296,0.798119
9,NSGA-III,290,16,1.062633,0.798372
9,NSGA-III,300,20,1.063585,0.799087
9,NSGA-III,310,9,1.066816,0.801514
9,NSGA-III,320,5,1.071422,0.804975
9,NSGA-III,330,5,1.071422,0.804975
9,NSGA-III,340,6,1.071427,0.804979
9,NSGA-III,350,7,1.071557,0.805077
9,NSGA-III,360,9,1.074822,0.807530
9,NSGA-III,370,9,1.074822,0.807530
9,NSGA-III,380,11,1.150556,0.864430
9,NSGA-III,390,12,1.173923,0.881986
9,NSGA-III,400,3,1.240300,0.931856
9,NSGA-III,410,4,1.262528,0.948556
9,NSGA-III,420,5,1.262607,0.948615
9,NSGA-III,430,5,1.262607,0.948615
9,NSGA-III,440,5,1.262654,0.948650
9,NSGA-III,450,5,1.262654,0.948650
9,NSGA-III,460,5,1.262654,0.948650
9,NSGA-III,470,5,1.262654,0.948650
9,NSGA-III,480,4,1.263002,0.948912
9,NSGA-III,490,4,1.263002,0.948912
9,NSGA-III,500,4,1.263002,0.948912
10,MOGWO,10,13,0.000000,0.000000
10,MOGWO,20,21,0.000000,0.000000
10,MOGWO,30,31,0.000000,0.000000
10,MOGWO,40,38,0.001288,0.000968
10,MOGWO,50,30,0.001288,0.000968
10,MOGWO,60,29,0.001288,0.000968
10,MOGWO,70,35,0.001289,0.000968
10,MOGWO,80,37,0.001391,0.001045
10,MOGWO,90,32,0.001391,0.001045
10,MOGWO,100,26,0.007490,0.005627
10,MOGWO,110,33,0.007490,0.005627
10,MOGWO,120,32,0.021987,0.016519
10,MOGWO,130,37,0.021987,0.016519
10,MOGWO,140,45,0.021990,0.016522
10,MOGWO,150,57,0.022137,0.016632
10,MOGWO,160,59,0.022137,0.016632
10,MOGWO,170,44,0.028197,0.021185
10,MOGWO,180,30,0.043012,0.032315
10,MOGWO,190,39,0.043470,0.032660
10,MOGWO,200,38,0.073591,0.055290
10,MOGWO,210,46,0.084671,0.063615
10,MOGWO,220,44,0.099389,0.074672
10,MOGWO,230,52,0.111939,0.084101
10,MOGWO,240,47,0.132221,0.099340
10,MOGWO,250,73,0.132905,0.099853
10,MOGWO,260,67,0.139190,0.104575
10,MOGWO,270,70,0.149839,0.112576
10,MOGWO,280,61,0.152754,0.114766
10,MOGWO,290,70,0.153289,0.115168
10,MOGWO,300,73,0.156239,0.117385
10,MOGWO,310,77,0.157151,0.118070
10,MOGWO,320,84,0.173116,0.130065
10,MOGWO,330,85,0.173324,0.130221
10,MOGWO,340,81,0.181240,0.136168
10,MOGWO,350,82,0.182963,0.137462
10,MOGWO,360,80,0.183679,0.138001
10,MOGWO,370,83,0.184277,0.138450
10,MOGWO,380,87,0.184476,0.138599
10,MOGWO,390,100,0.184830,0.138865
10,MOGWO,400,100,0.186225,0.139914
10,MOGWO,410,94,0.191565,0.143925
10,MOGWO,420,98,0.204963,0.153992
10,MOGWO,430,98,0.205242,0.154201
10,MOGWO,440,100,0.206980,0.155507
10,MOGWO,450,85,0.222747,0.167353
10,MOGWO,460,84,0.232988,0.175048
10,MOGWO,470,75,0.233224,0.175225
10,MOGWO,480,81,0.233246,0.175241
10,MOGWO,490,81,0.233324,0.175300
10,MOGWO,500,89,0.235134,0.176660
10,NSGA-II,10,29,0.003160,0.002374
10,NSGA-II,20,30,0.014916,0.011206
10,NSGA-II,30,43,0.023384,0.017569
10,NSGA-II,40,47,0.038707,0.029081
10,NSGA-II,50,52,0.043975,0.033039
10,NSGA-II,60,49,0.053886,0.040486
10,NSGA-II,70,41,0.055861,0.041969
10,NSGA-II,80,47,0.069729,0.052389
10,NSGA-II,90,46,0.071119,0.053433
10,NSGA-II,100,39,0.072185,0.054234
10,NSGA-II,110,49,0.072248,0.054281
10,NSGA-II,120,53,0.072481,0.054456
10,NSGA-II,130,52,0.073477,0.055205
10,NSGA-II,140,53,0.082238,0.061787
10,NSGA-II,150,58,0.086671,0.065117
10,NSGA-II,160,58,0.097674,0.073384
10,NSGA-II,170,52,0.098078,0.073688
10,NSGA-II,180,51,0.115475,0.086758
10,NSGA-II,190,51,0.178205,0.133888
10,NSGA-II,200,48,0.193451,0.145343
10,NSGA-II,210,48,0.218703,0.164315
10,NSGA-II,220,50,0.223719,0.168084
10,NSGA-II,230,43,0.251996,0.189328
10,NSGA-II,240,47,0.274435,0.206187
10,NSGA-II,250,42,0.293164,0.220258
10,NSGA-II,260,42,0.344668,0.258954
10,NSGA-II,270,33,0.395422,0.297087
10,NSGA-II,280,32,0.414275,0.311251
10,NSGA-II,290,34,0.464051,0.348649
10,NSGA-II,300,15,0.522756,0.392754
10,NSGA-II,310,20,0.547791,0.411563
10,NSGA-II,320,25,0.651785,0.489696
10,NSGA-II,330,25,0.687413,0.516464
10,NSGA-II,340,23,0.729346,0.547969
10,NSGA-II,350,26,0.732201,0.550113
10,NSGA-II,360,29,0.737860,0.554365
10,NSGA-II,370,33,0.762212,0.572661
10,NSGA-II,380,33,0.790633,0.594014
10,NSGA-II,390,38,0.796437,0.598375
10,NSGA-II,400,36,0.825007,0.619840
10,NSGA-II,410,35,0.841414,0.632167
10,NSGA-II,420,27,0.913998,0.686700
10,NSGA-II,430,31,0.932649,0.700713
10,NSGA-II,440,35,0.943086,0.708555
10,NSGA-II,450,38,0.947646,0.711981
10,NSGA-II,460,36,0.957578,0.719443
10,NSGA-II,470,39,0.958873,0.720415
10,NSGA-II,480,43,0.961829,0.722637
10,NSGA-II,490,44,0.962750,0.723329
10,NSGA-II,500,41,1.063589,0.799091
10,NSGA-III,10,29,0.000000,0.000000
10,NSGA-III,20,24,0.000000,0.000000
10,NSGA-III,30,21,0.012707,0.009547
10,NSGA-III,40,36,0.035442,0.026628
10,NSGA-III,50,40,0.036284,0.027260
10,NSGA-III,60,33,0.041826,0.031425
10,NSGA-III,70,30,0.042296,0.031777
10,NSGA-III,80,35,0.042508,0.031937
10,NSGA-III,90,37,0.042907,0.032236
10,NSGA-III,100,36,0.046012,0.034569
10,NSGA-III,110,28,0.047969,0.036040
10,NSGA-III,120,35,0.048763,0.036636
10,NSGA-III,130,36,0.059081,0.044388
10,NSGA-III,140,40,0.059550,0.044741
10,NSGA-III,150,37,0.061765,0.046405
10,NSGA-III,160,44,0.066378,0.049871
10,NSGA-III,170,43,0.068402,0.051391
10,NSGA-III,180,45,0.074115,0.055684
10,NSGA-III,190,54,0.075573,0.056779
10,NSGA-III,200,55,0.078229,0.058775
10,NSGA-III,210,51,0.079652,0.059843
10,NSGA-III,220,50,0.084396,0.063408
10,NSGA-III,230,48,0.085437,0.064190
10,NSGA-III,240,47,0.116347,0.087413
10,NSGA-III,250,55,0.116708,0.087684
10,NSGA-III,260,63,0.117048,0.087940
10,NSGA-III,270,44,0.117561,0.088326
10,NSGA-III,280,47,0.120027,0.090178
10,NSGA-III,290,38,0.132543,0.099581
10,NSGA-III,300,44,0.134504,0.101055
10,NSGA-III,310,36,0.145310,0.109173
10,NSGA-III,320,37,0.172994,0.129973
10,NSGA-III,330,41,0.190119,0.142839
10,NSGA-III,340,42,0.197195,0.148156
10,NSGA-III,350,39,0.268221,0.201518
10,NSGA-III,360,41,0.269206,0.202258
10,NSGA-III,370,46,0.275770,0.207190
10,NSGA-III,380,36,0.287585,0.216067
10,NSGA-III,390,36,0.364833,0.274105
10,NSGA-III,400,38,0.374569,0.281419
10,NSGA-III,410,49,0.376081,0.282555
10,NSGA-III,420,46,0.380835,0.286127
10,NSGA-III,430,49,0.401595,0.301725
10,NSGA-III,440,36,0.413268,0.310495
10,NSGA-III,450,33,0.491849,0.369533
10,NSGA-III,460,33,0.492116,0.369734
10,NSGA-III,470,29,0.492469,0.370000
10,NSGA-III,480,23,0.531031,0.398971
10,NSGA-III,490,24,0.531509,0.399331
10,NSGA-III,500,28,0.558632,0.419708
11,MOGWO,10,37,0.000000,0.000000
11,MOGWO,20,24,0.000000,0.000000
11,MOGWO,30,30,0.000000,0.000000
11,MOGWO,40,17,0.000000,0.000000
11,MOGWO,50,13,0.000000,0.000000
11,MOGWO,60,16,0.000000,0.000000
11,MOGWO,70,16,0.000000,0.000000
11,MOGWO,80,16,0.000000,0.000000
11,MOGWO,90,23,0.000000,0.000000
11,MOGWO,100,31,0.000000,0.000000
11,MOGWO,110,36,0.000000,0.000000
11,MOGWO,120,40,0.000000,0.000000
11,MOGWO,130,39,0.000000,0.000000
11,MOGWO,140,43,0.002962,0.002225
11,MOGWO,150,50,0.002962,0.002225
11,MOGWO,160,44,0.012685,0.009531
11,MOGWO,170,32,0.012709,0.009549
11,MOGWO,180,46,0.012817,0.009630
11,MOGWO,190,39,0.025550,0.019196
11,MOGWO,200,53,0.025868,0.019435
11,MOGWO,210,46,0.036532,0.027447
11,MOGWO,220,52,0.036903,0.027726
11,MOGWO,230,61,0.043863,0.032955
11,MOGWO,240,71,0.045338,0.034063
11,MOGWO,250,79,0.046122,0.034652
11,MOGWO,260,68,0.048015,0.036074
11,MOGWO,270,56,0.050188,0.037707
11,MOGWO,280,52,0.065802,0.049438
11,MOGWO,290,62,0.068378,0.051373
11,MOGWO,300,81,0.073987,0.055587
11,MOGWO,310,85,0.074330,0.055845
11,MOGWO,320,76,0.075856,0.056992
11,MOGWO,330,71,0.077731,0.058401
11,MOGWO,340,61,0.081738,0.061411
11,MOGWO,350,69,0.089361,0.067138
11,MOGWO,360,70,0.090125,0.067712
11,MOGWO,370,68,0.091317,0.068608
11,MOGWO,380,80,0.091388,0.068661
11,MOGWO,390,77,0.094003,0.070626
11,MOGWO,400,74,0.094175,0.070755
11,MOGWO,410,71,0.096615,0.072588
11,MOGWO,420,82,0.096886,0.072792
11,MOGWO,430,84,0.099635,0.074857
11,MOGWO,440,87,0.099826,0.075001
11,MOGWO,450,94,0.099961,0.075102
11,MOGWO,460,89,0.100891,0.075801
11,MOGWO,470,91,0.101257,0.076076
11,MOGWO,480,89,0.103896,0.078059
11,MOGWO,490,92,0.106058,0.079683
11,MOGWO,500,96,0.106080,0.079699
11,NSGA-II,10,31,0.000000,0.000000
11,NSGA-II,20,9,0.000000,0.000000
11,NSGA-II,30,16,0.008523,0.006403
11,NSGA-II,40,15,0.098564,0.074053
11,NSGA-II,50,10,0.180451,0.135575
11,NSGA-II,60,12,0.215802,0.162135
11,NSGA-II,70,11,0.249740,0.187633
11,NSGA-II,80,12,0.328992,0.247177
11,NSGA-II,90,24,0.388929,0.292208
11,NSGA-II,100,27,0.415618,0.312260
11,NSGA-II,110,33,0.431938,0.324521
11,NSGA-II,120,15,0.478669,0.359631
11,NSGA-II,130,13,0.488557,0.367060
11,NSGA-II,140,11,0.514729,0.386723
11,NSGA-II,150,12,0.520834,0.391310
11,NSGA-II,160,18,0.527472,0.396297
11,NSGA-II,170,19,0.555907,0.417661
11,NSGA-II,180,13,0.566253,0.425434
11,NSGA-II,190,10,0.603621,0.453509
11,NSGA-II,200,12,0.609778,0.458135
11,NSGA-II,210,19,0.625939,0.470278
11,NSGA-II,220,20,0.628087,0.471891
11,NSGA-II,230,17,0.702155,0.527540
11,NSGA-II,240,11,0.780271,0.586229
11,NSGA-II,250,11,0.787994,0.592032
11,NSGA-II,260,5,0.825772,0.620415
11,NSGA-II,270,7,0.825772,0.620415
11,NSGA-II,280,5,0.910414,0.684008
11,NSGA-II,290,7,0.953740,0.716559
11,NSGA-II,300,10,0.967122,0.726613
11,NSGA-II,310,11,0.968218,0.727437
11,NSGA-II,320,7,0.998118,0.749901
11,NSGA-II,330,8,1.009288,0.758293
11,NSGA-II,340,13,1.025353,0.770363
11,NSGA-II,350,17,1.028527,0.772747
11,NSGA-II,360,19,1.116621,0.838934
11,NSGA-II,370,21,1.116885,0.839132
11,NSGA-II,380,16,1.118479,0.840330
11,NSGA-II,390,11,1.131807,0.850343
11,NSGA-II,400,7,1.145186,0.860395
11,NSGA-II,410,7,1.151587,0.865204
11,NSGA-II,420,5,1.240799,0.932230
11,NSGA-II,430,6,1.241396,0.932679
11,NSGA-II,440,7,1.241498,0.932756
11,NSGA-II,450,6,1.252548,0.941058
11,NSGA-II,460,6,1.252548,0.941058
11,NSGA-II,470,7,1.253170,0.941525
11,NSGA-II,480,7,1.280094,0.961753
11,NSGA-II,490,7,1.280094,0.961753
11,NSGA-II,500,9,1.284787,0.965280
11,NSGA-III,10,16,0.000000,0.000000
11,NSGA-III,20,21,0.000000,0.000000
11,NSGA-III,30,29,0.000000,0.000000
11,NSGA-III,40,26,0.008899,0.006686
11,NSGA-III,50,31,0.009282,0.006974
11,NSGA-III,60,27,0.012507,0.009397
11,NSGA-III,70,19,0.015353,0.011535
11,NSGA-III,80,18,0.018863,0.014172
11,NSGA-III,90,20,0.019235,0.014452
11,NSGA-III,100,17,0.024147,0.018142
11,NSGA-III,110,19,0.025487,0.019149
11,NSGA-III,120,25,0.026085,0.019598
11,NSGA-III,130,23,0.034713,0.026080
11,NSGA-III,140,26,0.034855,0.026187
11,NSGA-III,150,25,0.035650,0.026784
11,NSGA-III,160,21,0.038720,0.029091
11,NSGA-III,170,23,0.038892,0.029220
11,NSGA-III,180,27,0.041081,0.030865
11,NSGA-III,190,38,0.047832,0.035937
11,NSGA-III,200,44,0.047934,0.036014
11,NSGA-III,210,46,0.048265,0.036262
11,NSGA-III,220,45,0.048831,0.036688
11,NSGA-III,230,40,0.049382,0.037102
11,NSGA-III,240,41,0.049747,0.037375
11,NSGA-III,250,45,0.049747,0.037376
11,NSGA-III,260,39,0.052253,0.039258
11,NSGA-III,270,30,0.062287,0.046797
11,NSGA-III,280,36,0.063140,0.047438
11,NSGA-III,290,35,0.064771,0.048664
11,NSGA-III,300,45,0.065979,0.049571
11,NSGA-III,310,43,0.088293,0.066336
11,NSGA-III,320,24,0.126907,0.095347
11,NSGA-III,330,27,0.141747,0.106496
11,NSGA-III,340,20,0.153530,0.115349
11,NSGA-III,350,26,0.174007,0.130734
11,NSGA-III,360,27,0.218217,0.163950
11,NSGA-III,370,14,0.246191,0.184967
11,NSGA-III,380,19,0.252673,0.189837
11,NSGA-III,390,16,0.265920,0.199790
11,NSGA-III,400,16,0.314026,0.235932
11,NSGA-III,410,19,0.331740,0.249242
11,NSGA-III,420,25,0.380151,0.285613
11,NSGA-III,430,21,0.402806,0.302634
11,NSGA-III,440,29,0.409848,0.307925
11,NSGA-III,450,22,0.490087,0.368210
11,NSGA-III,460,24,0.519179,0.390067
11,NSGA-III,470,23,0.539934,0.405660
11,NSGA-III,480,25,0.560764,0.421310
11,NSGA-III,490,20,0.593182,0.445666
11,NSGA-III,500,22,0.605770,0.455124
12,MOGWO,10,24,0.009352,0.007026
12,MOGWO,20,26,0.018484,0.013887
12,MOGWO,30,35,0.019018,0.014289
12,MOGWO,40,37,0.020733,0.015577
12,MOGWO,50,35,0.020758,0.015596
12,MOGWO,60,41,0.024160,0.018152
12,MOGWO,70,48,0.024171,0.018160
12,MOGWO,80,41,0.039671,0.029806
12,MOGWO,90,27,0.039869,0.029954
12,MOGWO,100,30,0.039926,0.029997
12,MOGWO,110,25,0.039926,0.029997
12,MOGWO,120,32,0.039926,0.029997
12,MOGWO,130,35,0.040210,0.030210
12,MOGWO,140,36,0.040729,0.030600
12,MOGWO,150,39,0.041384,0.031092
12,MOGWO,160,42,0.042263,0.031753
12,MOGWO,170,45,0.042965,0.032280
12,MOGWO,180,31,0.048055,0.036104
12,MOGWO,190,34,0.049505,0.037194
12,MOGWO,200,47,0.049657,0.037308
12,MOGWO,210,51,0.065386,0.049126
12,MOGWO,220,46,0.066226,0.049756
12,MOGWO,230,53,0.078782,0.059190
12,MOGWO,240,58,0.081461,0.061203
12,MOGWO,250,60,0.086786,0.065203
12,MOGWO,260,41,0.101942,0.076591
12,MOGWO,270,32,0.123000,0.092412
12,MOGWO,280,34,0.123094,0.092482
12,MOGWO,290,48,0.123463,0.092759
12,MOGWO,300,50,0.123534,0.092813
12,MOGWO,310,57,0.123810,0.093020
12,MOGWO,320,47,0.124433,0.093488
12,MOGWO,330,49,0.124738,0.093718
12,MOGWO,340,44,0.126019,0.094680
12,MOGWO,350,43,0.133273,0.100130
12,MOGWO,360,50,0.133384,0.100214
12,MOGWO,370,55,0.133459,0.100270
12,MOGWO,380,55,0.134085,0.100740
12,MOGWO,390,54,0.134117,0.100764
12,MOGWO,400,46,0.135328,0.101674
12,MOGWO,410,44,0.135932,0.102128
12,MOGWO,420,55,0.140080,0.105244
12,MOGWO,430,53,0.140713,0.105720
12,MOGWO,440,60,0.141408,0.106242
12,MOGWO,450,63,0.144053,0.108229
12,MOGWO,460,72,0.144367,0.108465
12,MOGWO,470,73,0.147504,0.110822
12,MOGWO,480,65,0.148305,0.111423
12,MOGWO,490,68,0.148358,0.111464
12,MOGWO,500,69,0.148373,0.111475
12,NSGA-II,10,17,0.011028,0.008286
12,NSGA-II,20,29,0.037381,0.028085
12,NSGA-II,30,24,0.040459,0.030398
12,NSGA-II,40,37,0.044586,0.033498
12,NSGA-II,50,44,0.064985,0.048824
12,NSGA-II,60,42,0.069952,0.052556
12,NSGA-II,70,25,0.127588,0.095858
12,NSGA-II,80,19,0.181607,0.136444
12,NSGA-II,90,24,0.187134,0.140596
12,NSGA-II,100,30,0.202308,0.151997
12,NSGA-II,110,37,0.210694,0.158298
12,NSGA-II,120,42,0.219479,0.164898
12,NSGA-II,130,36,0.255692,0.192105
12,NSGA-II,140,31,0.366472,0.275336
12,NSGA-II,150,32,0.366760,0.275552
12,NSGA-II,160,34,0.377092,0.283315
12,NSGA-II,170,40,0.384517,0.288893
12,NSGA-II,180,43,0.398068,0.299074
12,NSGA-II,190,39,0.475194,0.357020
12,NSGA-II,200,20,0.504599,0.379113
12,NSGA-II,210,23,0.515786,0.387518
12,NSGA-II,220,25,0.516309,0.387911
12,NSGA-II,230,17,0.548092,0.411790
12,NSGA-II,240,15,0.552660,0.415221
12,NSGA-II,250,18,0.573661,0.431000
12,NSGA-II,260,18,0.642145,0.482453
12,NSGA-II,270,21,0.644391,0.484140
12,NSGA-II,280,6,0.736095,0.553039
12,NSGA-II,290,10,0.737281,0.553930
12,NSGA-II,300,13,0.738778,0.555055
12,NSGA-II,310,7,0.816614,0.613534
12,NSGA-II,320,7,0.816614,0.613534
12,NSGA-II,330,11,0.816983,0.613812
12,NSGA-II,340,10,0.817001,0.613825
12,NSGA-II,350,14,0.819920,0.616018
12,NSGA-II,360,16,0.887664,0.666915
12,NSGA-II,370,14,0.888400,0.667468
12,NSGA-II,380,11,0.914218,0.686866
12,NSGA-II,390,11,0.924575,0.694647
12,NSGA-II,400,12,0.926097,0.695790
12,NSGA-II,410,14,0.931002,0.699476
12,NSGA-II,420,12,0.931426,0.699794
12,NSGA-II,430,8,0.944168,0.709367
12,NSGA-II,440,11,0.994899,0.747483
12,NSGA-II,450,12,0.999316,0.750801
12,NSGA-II,460,10,1.002634,0.753294
12,NSGA-II,470,13,1.020470,0.766694
12,NSGA-II,480,13,1.034368,0.777136
12,NSGA-II,490,18,1.039597,0.781064
12,NSGA-II,500,18,1.087294,0.816900
12,NSGA-III,10,23,0.003834,0.002881
12,NSGA-III,20,24,0.017493,0.013143
12,NSGA-III,30,24,0.027314,0.020521
12,NSGA-III,40,24,0.038614,0.029011
12,NSGA-III,50,25,0.050243,0.037748
12,NSGA-III,60,37,0.051712,0.038852
12,NSGA-III,70,30,0.059953,0.045043
12,NSGA-III,80,37,0.138972,0.104412
12,NSGA-III,90,33,0.141603,0.106388
12,NSGA-III,100,26,0.220237,0.165467
12,NSGA-III,110,26,0.229856,0.172694
12,NSGA-III,120,21,0.294212,0.221046
12,NSGA-III,130,10,0.465432,0.349686
12,NSGA-III,140,5,0.723111,0.543284
12,NSGA-III,150,6,0.810454,0.608906
12,NSGA-III,160,4,0.823062,0.618378
12,NSGA-III,170,6,0.823319,0.618572
12,NSGA-III,180,6,0.824724,0.619628
12,NSGA-III,190,9,0.831404,0.624646
12,NSGA-III,200,11,0.878587,0.660096
12,NSGA-III,210,12,0.882392,0.662954
12,NSGA-III,220,13,0.884195,0.664309
12,NSGA-III,230,12,0.892188,0.670314
12,NSGA-III,240,13,0.918820,0.690323
12,NSGA-III,250,11,0.950492,0.714118
12,NSGA-III,260,8,0.992923,0.745997
12,NSGA-III,270,6,1.077623,0.809634
12,NSGA-III,280,6,1.077623,0.809634
12,NSGA-III,290,6,1.077623,0.809634
12,NSGA-III,300,8,1.078836,0.810545
12,NSGA-III,310,9,1.080370,0.811698
12,NSGA-III,320,11,1.080678,0.811929
12,NSGA-III,330,13,1.085180,0.815312
12,NSGA-III,340,14,1.089687,0.818698
12,NSGA-III,350,10,1.091533,0.820085
12,NSGA-III,360,8,1.146304,0.861235
12,NSGA-III,370,4,1.146709,0.861539
12,NSGA-III,380,5,1.146709,0.861539
12,NSGA-III,390,5,1.146709,0.861539
12,NSGA-III,400,5,1.146709,0.861539
12,NSGA-III,410,5,1.146709,0.861539
12,NSGA-III,420,7,1.160182,0.871662
12,NSGA-III,430,8,1.166704,0.876562
12,NSGA-III,440,8,1.166704,0.876562
12,NSGA-III,450,3,1.180249,0.886738
12,NSGA-III,460,3,1.180249,0.886738
12,NSGA-III,470,5,1.221760,0.917927
12,NSGA-III,480,6,1.222187,0.918247
12,NSGA-III,490,6,1.270691,0.954689
12,NSGA-III,500,10,1.290803,0.969799
13,MOGWO,10,26,0.000000,0.000000
13,MOGWO,20,34,0.009484,0.007126
13,MOGWO,30,45,0.009545,0.007171
13,MOGWO,40,50,0.011067,0.008315
13,MOGWO,50,41,0.011085,0.008328
13,MOGWO,60,50,0.013150,0.009880
13,MOGWO,70,48,0.013155,0.009883
13,MOGWO,80,48,0.013373,0.010047
13,MOGWO,90,45,0.013676,0.010275
13,MOGWO,100,49,0.013906,0.010448
13,MOGWO,110,53,0.022231,0.016703
13,MOGWO,120,41,0.036817,0.027661
13,MOGWO,130,47,0.036819,0.027662
13,MOGWO,140,43,0.036841,0.027680
13,MOGWO,150,36,0.036846,0.027683
13,MOGWO,160,44,0.037001,0.027800
13,MOGWO,170,48,0.037030,0.027821
13,MOGWO,180,50,0.037338,0.028052
13,MOGWO,190,64,0.040681,0.030564
13,MOGWO,200,64,0.043822,0.032924
13,MOGWO,210,70,0.043923,0.033000
13,MOGWO,220,66,0.050014,0.037576
13,MOGWO,230,48,0.058837,0.044205
13,MOGWO,240,54,0.060193,0.045224
13,MOGWO,250,62,0.061165,0.045954
13,MOGWO,260,37,0.063136,0.047435
13,MOGWO,270,42,0.063573,0.047763
13,MOGWO,280,39,0.064580,0.048520
13,MOGWO,290,53,0.064754,0.048650
13,MOGWO,300,54,0.066446,0.049922
13,MOGWO,310,45,0.067182,0.050475
13,MOGWO,320,28,0.098458,0.073973
13,MOGWO,330,38,0.101737,0.076436
13,MOGWO,340,49,0.114369,0.085927
13,MOGWO,350,55,0.115772,0.086981
13,MOGWO,360,54,0.131248,0.098609
13,MOGWO,370,49,0.131553,0.098838
13,MOGWO,380,47,0.137559,0.103350
13,MOGWO,390,45,0.152759,0.114770
13,MOGWO,400,42,0.152876,0.114858
13,MOGWO,410,46,0.154338,0.115956
13,MOGWO,420,44,0.154690,0.116221
13,MOGWO,430,49,0.154823,0.116321
13,MOGWO,440,55,0.156853,0.117846
13,MOGWO,450,54,0.165375,0.124249
13,MOGWO,460,59,0.171269,0.128677
13,MOGWO,470,61,0.171276,0.128682
13,MOGWO,480,61,0.171299,0.128699
13,MOGWO,490,65,0.171467,0.128826
13,MOGWO,500,66,0.171528,0.128871
13,NSGA-II,10,35,0.002142,0.001609
13,NSGA-II,20,35,0.021517,0.016166
13,NSGA-II,30,23,0.026833,0.020160
13,NSGA-II,40,32,0.036528,0.027444
13,NSGA-II,50,23,0.042486,0.031921
13,NSGA-II,60,29,0.043548,0.032718
13,NSGA-II,70,12,0.079757,0.059923
13,NSGA-II,80,16,0.097691,0.073397
13,NSGA-II,90,19,0.145192,0.109085
13,NSGA-II,100,28,0.151851,0.114088
13,NSGA-II,110,28,0.157960,0.118678
13,NSGA-II,120,15,0.168589,0.126664
13,NSGA-II,130,16,0.186290,0.139962
13,NSGA-II,140,24,0.209419,0.157340
13,NSGA-II,150,12,0.292002,0.219385
13,NSGA-II,160,16,0.320479,0.240781
13,NSGA-II,170,15,0.339270,0.254899
13,NSGA-II,180,15,0.347688,0.261223
13,NSGA-II,190,4,0.685860,0.515297
13,NSGA-II,200,4,0.685860,0.515297
13,NSGA-II,210,5,0.685862,0.515298
13,NSGA-II,220,5,0.685862,0.515298
13,NSGA-II,230,7,0.694246,0.521597
13,NSGA-II,240,6,0.754670,0.566995
13,NSGA-II,250,7,0.754879,0.567151
13,NSGA-II,260,7,0.786573,0.590964
13,NSGA-II,270,8,0.820822,0.616696
13,NSGA-II,280,8,0.822476,0.617938
13,NSGA-II,290,3,0.905006,0.679945
13,NSGA-II,300,4,0.905030,0.679962
13,NSGA-II,310,4,0.908272,0.682398
13,NSGA-II,320,8,0.923578,0.693898
13,NSGA-II,330,2,1.073285,0.806375
13,NSGA-II,340,2,1.073285,0.806375
13,NSGA-II,350,2,1.073285,0.806375
13,NSGA-II,360,2,1.073285,0.806375
13,NSGA-II,370,3,1.151689,0.865281
13,NSGA-II,380,4,1.151771,0.865343
13,NSGA-II,390,5,1.159493,0.871144
13,NSGA-II,400,6,1.227795,0.922461
13,NSGA-II,410,6,1.228154,0.922730
13,NSGA-II,420,5,1.288957,0.968412
13,NSGA-II,430,6,1.289004,0.968447
13,NSGA-II,440,6,1.289004,0.968447
13,NSGA-II,450,7,1.289508,0.968826
13,NSGA-II,460,7,1.319428,0.991306
13,NSGA-II,470,5,1.323983,0.994728
13,NSGA-II,480,6,1.324051,0.994779
13,NSGA-II,490,7,1.324834,0.995367
13,NSGA-II,500,8,1.324834,0.995367
13,NSGA-III,10,33,0.006859,0.005153
13,NSGA-III,20,25,0.017118,0.012861
13,NSGA-III,30,36,0.042845,0.032190
13,NSGA-III,40,41,0.043521,0.032698
13,NSGA-III,50,24,0.044615,0.033520
13,NSGA-III,60,22,0.045788,0.034401
13,NSGA-III,70,35,0.046277,0.034769
13,NSGA-III,80,37,0.047281,0.035523
13,NSGA-III,90,32,0.057755,0.043392
13,NSGA-III,100,31,0.059580,0.044763
13,NSGA-III,110,24,0.060348,0.045340
13,NSGA-III,120,22,0.061577,0.046264
13,NSGA-III,130,18,0.073636,0.055324
13,NSGA-III,140,26,0.074226,0.055767
13,NSGA-III,150,27,0.078976,0.059336
13,NSGA-III,160,27,0.097430,0.073200
13,NSGA-III,170,38,0.106203,0.079792
13,NSGA-III,180,41,0.113346,0.085159
13,NSGA-III,190,43,0.137404,0.103234
13,NSGA-III,200,31,0.139721,0.104975
13,NSGA-III,210,33,0.156153,0.117320
13,NSGA-III,220,34,0.226981,0.170534
13,NSGA-III,230,36,0.229822,0.172669
13,NSGA-III,240,37,0.245461,0.184419
13,NSGA-III,250,40,0.250442,0.188160
13,NSGA-III,260,44,0.260624,0.195810
13,NSGA-III,270,36,0.283258,0.212816
13,NSGA-III,280,41,0.294797,0.221486
13,NSGA-III,290,37,0.296335,0.222641
13,NSGA-III,300,24,0.301187,0.226287
13,NSGA-III,310,25,0.301412,0.226455
13,NSGA-III,320,25,0.306974,0.230634
13,NSGA-III,330,29,0.382096,0.287074
13,NSGA-III,340,27,0.383661,0.288250
13,NSGA-III,350,27,0.390327,0.293258
13,NSGA-III,360,31,0.413904,0.310972
13,NSGA-III,370,33,0.415184,0.311934
13,NSGA-III,380,23,0.419970,0.315529
13,NSGA-III,390,25,0.419973,0.315532
13,NSGA-III,400,28,0.472477,0.354979
13,NSGA-III,410,25,0.472501,0.354997
13,NSGA-III,420,27,0.474016,0.356135
13,NSGA-III,430,29,0.495705,0.372431
13,NSGA-III,440,27,0.499784,0.375495
13,NSGA-III,450,30,0.533439,0.400781
13,NSGA-III,460,32,0.534779,0.401787
13,NSGA-III,470,36,0.537408,0.403763
13,NSGA-III,480,39,0.540260,0.405905
13,NSGA-III,490,42,0.541226,0.406631
13,NSGA-III,500,25,0.563695,0.423512
14,MOGWO,10,18,0.070689,0.053110
14,MOGWO,20,23,0.081091,0.060925
14,MOGWO,30,29,0.083330,0.062607
14,MOGWO,40,37,0.097365,0.073152
14,MOGWO,50,46,0.098950,0.074343
14,MOGWO,60,40,0.100424,0.075450
14,MOGWO,70,44,0.100668,0.075633
14,MOGWO,80,45,0.104364,0.078410
14,MOGWO,90,32,0.107786,0.080981
14,MOGWO,100,33,0.108008,0.081148
14,MOGWO,110,38,0.108303,0.081370
14,MOGWO,120,42,0.108560,0.081563
14,MOGWO,130,40,0.111244,0.083579
14,MOGWO,140,47,0.125096,0.093987
14,MOGWO,150,47,0.126312,0.094900
14,MOGWO,160,38,0.129199,0.097069
14,MOGWO,170,36,0.131849,0.099060
14,MOGWO,180,36,0.141115,0.106022
14,MOGWO,190,38,0.151262,0.113646
14,MOGWO,200,41,0.155492,0.116824
14,MOGWO,210,31,0.164179,0.123350
14,MOGWO,220,33,0.186437,0.140073
14,MOGWO,230,39,0.202657,0.152259
14,MOGWO,240,47,0.221972,0.166771
14,MOGWO,250,32,0.230297,0.173026
14,MOGWO,260,45,0.232739,0.174861
14,MOGWO,270,46,0.233341,0.175313
14,MOGWO,280,46,0.236152,0.177424
14,MOGWO,290,53,0.239464,0.179913
14,MOGWO,300,51,0.240011,0.180324
14,MOGWO,310,50,0.245363,0.184345
14,MOGWO,320,52,0.246054,0.184864
14,MOGWO,330,46,0.252662,0.189829
14,MOGWO,340,48,0.252669,0.189834
14,MOGWO,350,49,0.253088,0.190149
14,MOGWO,360,55,0.254365,0.191108
14,MOGWO,370,48,0.261657,0.196587
14,MOGWO,380,50,0.261808,0.196700
14,MOGWO,390,49,0.261990,0.196837
14,MOGWO,400,48,0.262058,0.196888
14,MOGWO,410,40,0.302067,0.226947
14,MOGWO,420,45,0.305074,0.229207
14,MOGWO,430,43,0.305583,0.229589
14,MOGWO,440,41,0.305714,0.229688
14,MOGWO,450,46,0.306001,0.229903
14,MOGWO,460,50,0.306404,0.230206
14,MOGWO,470,49,0.306572,0.230332
14,MOGWO,480,51,0.306679,0.230413
14,MOGWO,490,50,0.306966,0.230628
14,MOGWO,500,50,0.306967,0.230629
14,NSGA-II,10,29,0.075536,0.056751
14,NSGA-II,20,40,0.097093,0.072947
14,NSGA-II,30,29,0.120622,0.090625
14,NSGA-II,40,35,0.129349,0.097182
14,NSGA-II,50,32,0.131330,0.098670
14,NSGA-II,60,40,0.141293,0.106155
14,NSGA-II,70,38,0.151212,0.113608
14,NSGA-II,80,37,0.155486,0.116819
14,NSGA-II,90,35,0.156116,0.117292
14,NSGA-II,100,35,0.167391,0.125763
14,NSGA-II,110,44,0.170755,0.128291
14,NSGA-II,120,51,0.171263,0.128672
14,NSGA-II,130,45,0.173500,0.130353
14,NSGA-II,140,45,0.179280,0.134696
14,NSGA-II,150,50,0.180276,0.135444
14,NSGA-II,160,55,0.182044,0.136772
14,NSGA-II,170,61,0.183507,0.137871
14,NSGA-II,180,68,0.184125,0.138336
14,NSGA-II,190,70,0.184314,0.138477
14,NSGA-II,200,68,0.184454,0.138583
14,NSGA-II,210,62,0.185476,0.139351
14,NSGA-II,220,64,0.190795,0.143347
14,NSGA-II,230,58,0.196507,0.147639
14,NSGA-II,240,58,0.197058,0.148053
14,NSGA-II,250,62,0.197692,0.148529
14,NSGA-II,260,60,0.199368,0.149788
14,NSGA-II,270,56,0.200060,0.150308
14,NSGA-II,280,58,0.222457,0.167135
14,NSGA-II,290,60,0.224265,0.168494
14,NSGA-II,300,62,0.224456,0.168637
14,NSGA-II,310,64,0.224523,0.168687
14,NSGA-II,320,62,0.224864,0.168944
14,NSGA-II,330,65,0.225691,0.169565
14,NSGA-II,340,67,0.226649,0.170285
14,NSGA-II,350,70,0.227059,0.170593
14,NSGA-II,360,67,0.228262,0.171497
14,NSGA-II,370,70,0.228491,0.171669
14,NSGA-II,380,71,0.233505,0.175436
14,NSGA-II,390,74,0.233912,0.175742
14,NSGA-II,400,74,0.271204,0.203760
14,NSGA-II,410,72,0.274495,0.206232
14,NSGA-II,420,69,0.276807,0.207969
14,NSGA-II,430,77,0.279864,0.210266
14,NSGA-II,440,70,0.346165,0.260079
14,NSGA-II,450,71,0.346346,0.260215
14,NSGA-II,460,76,0.347116,0.260793
14,NSGA-II,470,76,0.517065,0.388479
14,NSGA-II,480,74,0.518639,0.389661
14,NSGA-II,490,74,0.523230,0.393111
14,NSGA-II,500,74,0.523941,0.393644
14,NSGA-III,10,23,0.074435,0.055924
14,NSGA-III,20,41,0.091684,0.068883
14,NSGA-III,30,39,0.116292,0.087372
14,NSGA-III,40,31,0.129901,0.097596
14,NSGA-III,50,39,0.151194,0.113594
14,NSGA-III,60,36,0.158225,0.118876
14,NSGA-III,70,42,0.162115,0.121799
14,NSGA-III,80,43,0.165385,0.124256
14,NSGA-III,90,54,0.169763,0.127545
14,NSGA-III,100,40,0.175223,0.131648
14,NSGA-III,110,47,0.176688,0.132749
14,NSGA-III,120,47,0.179014,0.134496
14,NSGA-III,130,39,0.182208,0.136896
14,NSGA-III,140,43,0.183132,0.137590
14,NSGA-III,150,43,0.189774,0.142580
14,NSGA-III,160,48,0.192514,0.144638
14,NSGA-III,170,51,0.194329,0.146002
14,NSGA-III,180,51,0.196446,0.147593
14,NSGA-III,190,63,0.197161,0.148130
14,NSGA-III,200,64,0.197895,0.148682
14,NSGA-III,210,71,0.199536,0.149914
14,NSGA-III,220,65,0.203275,0.152723
14,NSGA-III,230,73,0.204983,0.154007
14,NSGA-III,240,55,0.388381,0.291796
14,NSGA-III,250,55,0.390686,0.293528
14,NSGA-III,260,57,0.392191,0.294659
14,NSGA-III,270,66,0.409913,0.307974
14,NSGA-III,280,68,0.410776,0.308622
14,NSGA-III,290,66,0.411307,0.309021
14,NSGA-III,300,61,0.412615,0.310004
14,NSGA-III,310,61,0.480507,0.361012
14,NSGA-III,320,67,0.480720,0.361172
14,NSGA-III,330,74,0.481749,0.361945
14,NSGA-III,340,75,0.493964,0.371123
14,NSGA-III,350,79,0.494056,0.371192
14,NSGA-III,360,79,0.499357,0.375175
14,NSGA-III,370,83,0.501210,0.376566
14,NSGA-III,380,82,0.530082,0.398259
14,NSGA-III,390,75,0.530790,0.398790
14,NSGA-III,400,72,0.531137,0.399051
14,NSGA-III,410,69,0.533700,0.400977
14,NSGA-III,420,64,0.534334,0.401453
14,NSGA-III,430,66,0.534339,0.401457
14,NSGA-III,440,69,0.534367,0.401478
14,NSGA-III,450,66,0.537322,0.403698
14,NSGA-III,460,65,0.541488,0.406828
14,NSGA-III,470,69,0.541514,0.406848
14,NSGA-III,480,71,0.541953,0.407177
14,NSGA-III,490,66,0.542280,0.407423
14,NSGA-III,500,59,0.542704,0.407742
15,MOGWO,10,29,0.012079,0.009075
15,MOGWO,20,23,0.025373,0.019063
15,MOGWO,30,23,0.037525,0.028193
15,MOGWO,40,18,0.038455,0.028892
15,MOGWO,50,21,0.039139,0.029406
15,MOGWO,60,22,0.043690,0.032825
15,MOGWO,70,29,0.043815,0.032919
15,MOGWO,80,34,0.046190,0.034703
15,MOGWO,90,35,0.060175,0.045210
15,MOGWO,100,36,0.062406,0.046886
15,MOGWO,110,41,0.062535,0.046984
15,MOGWO,120,38,0.064013,0.048094
15,MOGWO,130,35,0.066696,0.050109
15,MOGWO,140,35,0.066998,0.050336
15,MOGWO,150,35,0.072811,0.054704
15,MOGWO,160,42,0.073317,0.055084
15,MOGWO,170,47,0.092464,0.069470
15,MOGWO,180,49,0.101859,0.076528
15,MOGWO,190,49,0.102845,0.077269
15,MOGWO,200,49,0.103281,0.077597
15,MOGWO,210,40,0.106129,0.079736
15,MOGWO,220,30,0.109267,0.082094
15,MOGWO,230,32,0.110251,0.082834
15,MOGWO,240,42,0.112539,0.084552
15,MOGWO,250,46,0.146534,0.110093
15,MOGWO,260,32,0.193586,0.145444
15,MOGWO,270,39,0.202332,0.152015
15,MOGWO,280,41,0.211788,0.159120
15,MOGWO,290,46,0.216449,0.162621
15,MOGWO,300,48,0.220025,0.165308
15,MOGWO,310,63,0.224644,0.168778
15,MOGWO,320,64,0.238711,0.179347
15,MOGWO,330,52,0.240977,0.181050
15,MOGWO,340,50,0.253752,0.190648
15,MOGWO,350,57,0.262964,0.197569
15,MOGWO,360,60,0.270784,0.203444
15,MOGWO,370,58,0.271096,0.203679
15,MOGWO,380,63,0.271946,0.204317
15,MOGWO,390,63,0.272104,0.204436
15,MOGWO,400,72,0.272517,0.204746
15,MOGWO,410,68,0.274009,0.205867
15,MOGWO,420,72,0.280994,0.211115
15,MOGWO,430,77,0.281681,0.211631
15,MOGWO,440,74,0.282596,0.212318
15,MOGWO,450,75,0.282770,0.212449
15,MOGWO,460,82,0.283046,0.212657
15,MOGWO,470,87,0.283331,0.212871
15,MOGWO,480,85,0.283520,0.213013
15,MOGWO,490,90,0.283537,0.213025
15,MOGWO,500,91,0.283537,0.213025
15,NSGA-II,10,29,0.037742,0.028356
15,NSGA-II,20,33,0.049716,0.037352
15,NSGA-II,30,35,0.055255,0.041514
15,NSGA-II,40,32,0.067517,0.050726
15,NSGA-II,50,37,0.069881,0.052503
15,NSGA-II,60,53,0.070210,0.052750
15,NSGA-II,70,56,0.073130,0.054943
15,NSGA-II,80,41,0.094035,0.070650
15,NSGA-II,90,45,0.094429,0.070946
15,NSGA-II,100,54,0.095121,0.071466
15,NSGA-II,110,52,0.102271,0.076838
15,NSGA-II,120,50,0.128919,0.096859
15,NSGA-II,130,51,0.165837,0.124596
15,NSGA-II,140,48,0.180720,0.135777
15,NSGA-II,150,50,0.180877,0.135896
15,NSGA-II,160,45,0.209245,0.157209
15,NSGA-II,170,49,0.224315,0.168531
15,NSGA-II,180,45,0.338452,0.254284
15,NSGA-II,190,30,0.393279,0.295476
15,NSGA-II,200,30,0.397601,0.298724
15,NSGA-II,210,27,0.443647,0.333319
15,NSGA-II,220,31,0.445601,0.334787
15,NSGA-II,230,27,0.450028,0.338113
15,NSGA-II,240,30,0.529168,0.397572
15,NSGA-II,250,40,0.537287,0.403672
15,NSGA-II,260,36,0.538463,0.404555
15,NSGA-II,270,28,0.556558,0.418150
15,NSGA-II,280,26,0.565776,0.425076
15,NSGA-II,290,23,0.575632,0.432481
15,NSGA-II,300,25,0.575859,0.432652
15,NSGA-II,310,27,0.587079,0.441081
15,NSGA-II,320,30,0.596020,0.447799
15,NSGA-II,330,31,0.603720,0.453583
15,NSGA-II,340,33,0.603773,0.453624
15,NSGA-II,350,36,0.603867,0.453694
15,NSGA-II,360,36,0.617158,0.463680
15,NSGA-II,370,42,0.618228,0.464484
15,NSGA-II,380,37,0.635398,0.477384
15,NSGA-II,390,40,0.686036,0.515429
15,NSGA-II,400,39,0.704788,0.529518
15,NSGA-II,410,50,0.750432,0.563811
15,NSGA-II,420,28,0.848422,0.637432
15,NSGA-II,430,29,0.865620,0.650353
15,NSGA-II,440,34,0.880023,0.661174
15,NSGA-II,450,37,0.883732,0.663961
15,NSGA-II,460,36,0.899677,0.675941
15,NSGA-II,470,33,0.918076,0.689764
15,NSGA-II,480,33,0.918210,0.689865
15,NSGA-II,490,33,0.970113,0.728860
15,NSGA-II,500,30,0.981920,0.737731
15,NSGA-III,10,23,0.044124,0.033151
15,NSGA-III,20,37,0.063172,0.047462
15,NSGA-III,30,29,0.065021,0.048851
15,NSGA-III,40,42,0.066322,0.049829
15,NSGA-III,50,38,0.068956,0.051808
15,NSGA-III,60,40,0.086464,0.064962
15,NSGA-III,70,41,0.095418,0.071689
15,NSGA-III,80,46,0.100445,0.075466
15,NSGA-III,90,50,0.102856,0.077277
15,NSGA-III,100,42,0.106699,0.080165
15,NSGA-III,110,35,0.107016,0.080402
15,NSGA-III,120,32,0.107724,0.080935
15,NSGA-III,130,35,0.107865,0.081040
15,NSGA-III,140,43,0.109132,0.081993
15,NSGA-III,150,41,0.110077,0.082702
15,NSGA-III,160,30,0.118841,0.089287
15,NSGA-III,170,35,0.124411,0.093472
15,NSGA-III,180,35,0.189857,0.142642
15,NSGA-III,190,45,0.193396,0.145301
15,NSGA-III,200,51,0.193445,0.145338
15,NSGA-III,210,56,0.193757,0.145573
15,NSGA-III,220,51,0.194305,0.145984
15,NSGA-III,230,42,0.195263,0.146704
15,NSGA-III,240,47,0.200087,0.150328
15,NSGA-III,250,49,0.243103,0.182647
15,NSGA-III,260,45,0.281889,0.211787
15,NSGA-III,270,31,0.285250,0.214312
15,NSGA-III,280,37,0.286987,0.215618
15,NSGA-III,290,41,0.287115,0.215714
15,NSGA-III,300,46,0.287188,0.215768
15,NSGA-III,310,49,0.294443,0.221219
15,NSGA-III,320,47,0.295784,0.222227
15,NSGA-III,330,48,0.297844,0.223775
15,NSGA-III,340,50,0.299082,0.224705
15,NSGA-III,350,47,0.299561,0.225064
15,NSGA-III,360,44,0.299775,0.225225
15,NSGA-III,370,46,0.299892,0.225313
15,NSGA-III,380,49,0.301883,0.226809
15,NSGA-III,390,51,0.304876,0.229058
15,NSGA-III,400,53,0.308636,0.231883
15,NSGA-III,410,47,0.309472,0.232511
15,NSGA-III,420,50,0.309604,0.232610
15,NSGA-III,430,52,0.309711,0.232691
15,NSGA-III,440,52,0.309849,0.232794
15,NSGA-III,450,52,0.310386,0.233198
15,NSGA-III,460,50,0.312053,0.234450
15,NSGA-III,470,49,0.312058,0.234454
15,NSGA-III,480,50,0.312566,0.234836
15,NSGA-III,490,54,0.312778,0.234995
15,NSGA-III,500,55,0.312850,0.235049
16,MOGWO,10,23,0.036262,0.027244
16,MOGWO,20,20,0.047419,0.035627
16,MOGWO,30,31,0.048106,0.036142
16,MOGWO,40,36,0.050578,0.038000
16,MOGWO,50,28,0.053120,0.039910
16,MOGWO,60,37,0.054039,0.040601
16,MOGWO,70,36,0.054537,0.040974
16,MOGWO,80,45,0.054822,0.041188
16,MOGWO,90,42,0.056227,0.042244
16,MOGWO,100,48,0.059762,0.044900
16,MOGWO,110,43,0.065567,0.049261
16,MOGWO,120,44,0.069598,0.052290
16,MOGWO,130,45,0.070133,0.052692
16,MOGWO,140,48,0.070167,0.052717
16,MOGWO,150,49,0.070198,0.052741
16,MOGWO,160,54,0.070767,0.053168
16,MOGWO,170,60,0.072844,0.054729
16,MOGWO,180,68,0.073568,0.055273
16,MOGWO,190,60,0.074480,0.055958
16,MOGWO,200,55,0.076073,0.057155
16,MOGWO,210,59,0.079181,0.059490
16,MOGWO,220,63,0.082550,0.062021
16,MOGWO,230,54,0.095238,0.071554
16,MOGWO,240,49,0.097285,0.073092
16,MOGWO,250,75,0.112123,0.084240
16,MOGWO,260,71,0.116623,0.087620
16,MOGWO,270,81,0.126000,0.094666
16,MOGWO,280,93,0.130754,0.098237
16,MOGWO,290,74,0.132983,0.099912
16,MOGWO,300,86,0.139814,0.105045
16,MOGWO,310,84,0.144999,0.108940
16,MOGWO,320,98,0.147804,0.111048
16,MOGWO,330,78,0.150032,0.112722
16,MOGWO,340,67,0.151967,0.114175
16,MOGWO,350,71,0.162033,0.121738
16,MOGWO,360,74,0.165157,0.124085
16,MOGWO,370,71,0.165656,0.124460
16,MOGWO,380,64,0.166343,0.124976
16,MOGWO,390,75,0.168166,0.126346
16,MOGWO,400,76,0.168657,0.126715
16,MOGWO,410,76,0.169609,0.127430
16,MOGWO,420,84,0.169798,0.127572
16,MOGWO,430,75,0.171748,0.129037
16,MOGWO,440,74,0.171818,0.129090
16,MOGWO,450,78,0.171993,0.129221
16,MOGWO,460,83,0.172091,0.129295
16,MOGWO,470,87,0.172154,0.129342
16,MOGWO,480,85,0.172539,0.129631
16,MOGWO,490,84,0.172730,0.129775
16,MOGWO,500,85,0.172738,0.129781
16,NSGA-II,10,23,0.051676,0.038825
16,NSGA-II,20,36,0.066182,0.049724
16,NSGA-II,30,25,0.073222,0.055012
16,NSGA-II,40,24,0.078367,0.058878
16,NSGA-II,50,34,0.079613,0.059814
16,NSGA-II,60,40,0.098407,0.073935
16,NSGA-II,70,26,0.112744,0.084706
16,NSGA-II,80,32,0.167767,0.126046
16,NSGA-II,90,27,0.218621,0.164253
16,NSGA-II,100,29,0.257568,0.193515
16,NSGA-II,110,33,0.262372,0.197124
16,NSGA-II,120,39,0.286576,0.215309
16,NSGA-II,130,28,0.358529,0.269368
16,NSGA-II,140,26,0.359056,0.269764
16,NSGA-II,150,32,0.366284,0.275195
16,NSGA-II,160,32,0.366369,0.275258
16,NSGA-II,170,36,0.366477,0.275340
16,NSGA-II,180,35,0.374267,0.281192
16,NSGA-II,190,35,0.439883,0.330490
16,NSGA-II,200,37,0.530114,0.398282
16,NSGA-II,210,14,0.667460,0.501472
16,NSGA-II,220,19,0.673227,0.505806
16,NSGA-II,230,12,0.704527,0.529322
16,NSGA-II,240,15,0.769010,0.577769
16,NSGA-II,250,15,0.794700,0.597070
16,NSGA-II,260,18,0.798506,0.599929
16,NSGA-II,270,14,0.810512,0.608950
16,NSGA-II,280,16,0.834600,0.627047
16,NSGA-II,290,16,0.835176,0.627480
16,NSGA-II,300,19,0.847295,0.636585
16,NSGA-II,310,25,0.857341,0.644133
16,NSGA-II,320,29,0.859444,0.645713
16,NSGA-II,330,36,0.891369,0.669699
16,NSGA-II,340,38,0.896096,0.673250
16,NSGA-II,350,29,0.917834,0.689582
16,NSGA-II,360,22,0.969071,0.728077
16,NSGA-II,370,23,0.969131,0.728122
16,NSGA-II,380,23,0.969675,0.728531
16,NSGA-II,390,23,1.039076,0.780673
16,NSGA-II,400,26,1.073167,0.806286
16,NSGA-II,410,26,1.081671,0.812676
16,NSGA-II,420,26,1.084883,0.815088
16,NSGA-II,430,34,1.095712,0.823225
16,NSGA-II,440,35,1.098216,0.825106
16,NSGA-II,450,26,1.211421,0.910159
16,NSGA-II,460,23,1.218406,0.915407
16,NSGA-II,470,23,1.218406,0.915407
16,NSGA-II,480,20,1.218891,0.915771
16,NSGA-II,490,24,1.227842,0.922496
16,NSGA-II,500,25,1.243151,0.933998
16,NSGA-III,10,31,0.043109,0.032388
16,NSGA-III,20,30,0.048632,0.036538
16,NSGA-III,30,29,0.056361,0.042345
16,NSGA-III,40,25,0.065375,0.049117
16,NSGA-III,50,26,0.066240,0.049767
16,NSGA-III,60,29,0.070478,0.052951
16,NSGA-III,70,34,0.078372,0.058882
16,NSGA-III,80,32,0.080838,0.060735
16,NSGA-III,90,31,0.084247,0.063296
16,NSGA-III,100,29,0.094991,0.071368
16,NSGA-III,110,36,0.096204,0.072279
16,NSGA-III,120,42,0.096662,0.072624
16,NSGA-III,130,48,0.098392,0.073924
16,NSGA-III,140,43,0.100249,0.075318
16,NSGA-III,150,42,0.100758,0.075701
16,NSGA-III,160,46,0.101249,0.076070
16,NSGA-III,170,52,0.102825,0.077254
16,NSGA-III,180,47,0.103372,0.077665
16,NSGA-III,190,49,0.103667,0.077887
16,NSGA-III,200,40,0.104212,0.078296
16,NSGA-III,210,45,0.104725,0.078681
16,NSGA-III,220,44,0.104946,0.078847
16,NSGA-III,230,49,0.104980,0.078873
16,NSGA-III,240,53,0.105112,0.078972
16,NSGA-III,250,57,0.105228,0.079060
16,NSGA-III,260,53,0.107401,0.080692
16,NSGA-III,270,52,0.107818,0.081005
16,NSGA-III,280,49,0.107879,0.081051
16,NSGA-III,290,47,0.107893,0.081061
16,NSGA-III,300,54,0.108039,0.081171
16,NSGA-III,310,52,0.108438,0.081471
16,NSGA-III,320,53,0.110278,0.082854
16,NSGA-III,330,53,0.118580,0.089091
16,NSGA-III,340,51,0.119082,0.089468
16,NSGA-III,350,52,0.119142,0.089513
16,NSGA-III,360,55,0.119567,0.089833
16,NSGA-III,370,57,0.119611,0.089866
16,NSGA-III,380,54,0.119958,0.090126
16,NSGA-III,390,43,0.120934,0.090860
16,NSGA-III,400,42,0.121050,0.090947
16,NSGA-III,410,41,0.144195,0.108336
16,NSGA-III,420,43,0.146040,0.109722
16,NSGA-III,430,44,0.150783,0.113285
16,NSGA-III,440,35,0.223264,0.167741
16,NSGA-III,450,35,0.269514,0.202490
16,NSGA-III,460,41,0.271779,0.204191
16,NSGA-III,470,37,0.272603,0.204810
16,NSGA-III,480,33,0.370553,0.278402
16,NSGA-III,490,34,0.370553,0.278402
16,NSGA-III,500,35,0.394493,0.296388
17,MOGWO,10,23,0.000000,0.000000
17,MOGWO,20,35,0.000000,0.000000
17,MOGWO,30,34,0.000000,0.000000
17,MOGWO,40,38,0.000000,0.000000
17,MOGWO,50,42,0.000000,0.000000
17,MOGWO,60,50,0.000485,0.000365
17,MOGWO,70,44,0.000485,0.000365
17,MOGWO,80,50,0.000485,0.000365
17,MOGWO,90,54,0.000485,0.000365
17,MOGWO,100,47,0.000485,0.000365
17,MOGWO,110,51,0.019566,0.014700
17,MOGWO,120,43,0.019566,0.014700
17,MOGWO,130,39,0.022669,0.017031
17,MOGWO,140,35,0.022669,0.017031
17,MOGWO,150,38,0.022669,0.017031
17,MOGWO,160,43,0.022669,0.017031
17,MOGWO,170,47,0.022669,0.017031
17,MOGWO,180,36,0.024177,0.018164
17,MOGWO,190,39,0.024179,0.018166
17,MOGWO,200,45,0.025154,0.018899
17,MOGWO,210,42,0.025253,0.018973
17,MOGWO,220,22,0.025430,0.019106
17,MOGWO,230,18,0.030373,0.022820
17,MOGWO,240,19,0.045251,0.033997
17,MOGWO,250,10,0.106171,0.079768
17,MOGWO,260,7,0.125038,0.093943
17,MOGWO,270,10,0.126940,0.095372
17,MOGWO,280,10,0.126940,0.095372
17,MOGWO,290,12,0.126966,0.095391
17,MOGWO,300,14,0.128276,0.096376
17,MOGWO,310,15,0.128330,0.096416
17,MOGWO,320,13,0.139230,0.104606
17,MOGWO,330,13,0.139241,0.104614
17,MOGWO,340,13,0.147174,0.110574
17,MOGWO,350,15,0.147232,0.110617
17,MOGWO,360,16,0.147934,0.111145
17,MOGWO,370,16,0.148198,0.111343
17,MOGWO,380,16,0.148372,0.111474
17,MOGWO,390,16,0.151255,0.113640
17,MOGWO,400,18,0.151452,0.113788
17,MOGWO,410,19,0.151997,0.114197
17,MOGWO,420,13,0.157463,0.118304
17,MOGWO,430,15,0.157639,0.118437
17,MOGWO,440,16,0.157726,0.118502
17,MOGWO,450,15,0.158712,0.119243
17,MOGWO,460,16,0.158712,0.119243
17,MOGWO,470,17,0.161203,0.121114
17,MOGWO,480,13,0.161401,0.121263
17,MOGWO,490,14,0.161594,0.121408
17,MOGWO,500,14,0.161640,0.121443
17,NSGA-II,10,31,0.003161,0.002375
17,NSGA-II,20,31,0.015455,0.011611
17,NSGA-II,30,26,0.015819,0.011885
17,NSGA-II,40,26,0.037005,0.027803
17,NSGA-II,50,35,0.043014,0.032317
17,NSGA-II,60,21,0.044050,0.033095
17,NSGA-II,70,32,0.045715,0.034347
17,NSGA-II,80,12,0.053119,0.039909
17,NSGA-II,90,12,0.218438,0.164115
17,NSGA-II,100,12,0.221738,0.166595
17,NSGA-II,110,14,0.238201,0.178964
17,NSGA-II,120,18,0.249599,0.187527
17,NSGA-II,130,16,0.288731,0.216928
17,NSGA-II,140,22,0.314499,0.236288
17,NSGA-II,150,22,0.365359,0.274500
17,NSGA-II,160,22,0.394483,0.296381
17,NSGA-II,170,21,0.429988,0.323056
17,NSGA-II,180,20,0.460347,0.345865
17,NSGA-II,190,9,0.622206,0.467473
17,NSGA-II,200,13,0.649878,0.488263
17,NSGA-II,210,17,0.655795,0.492709
17,NSGA-II,220,17,0.661562,0.497041
17,NSGA-II,230,17,0.800955,0.601769
17,NSGA-II,240,18,0.806304,0.605788
17,NSGA-II,250,21,0.820622,0.616545
17,NSGA-II,260,22,0.826552,0.621001
17,NSGA-II,270,21,0.827729,0.621885
17,NSGA-II,280,22,0.828235,0.622265
17,NSGA-II,290,24,0.836424,0.628418
17,NSGA-II,300,27,0.839572,0.630783
17,NSGA-II,310,13,0.922357,0.692980
17,NSGA-II,320,16,0.925832,0.695591
17,NSGA-II,330,19,0.925976,0.695699
17,NSGA-II,340,13,0.968066,0.727322
17,NSGA-II,350,13,0.975067,0.732582
17,NSGA-II,360,13,0.980280,0.736499
17,NSGA-II,370,14,0.991779,0.745139
17,NSGA-II,380,18,0.994873,0.747462
17,NSGA-II,390,20,0.994903,0.747486
17,NSGA-II,400,22,0.998331,0.750060
17,NSGA-II,410,25,1.002949,0.753531
17,NSGA-II,420,27,1.009748,0.758638
17,NSGA-II,430,21,1.054141,0.791992
17,NSGA-II,440,24,1.054265,0.792085
17,NSGA-II,450,28,1.054724,0.792430
17,NSGA-II,460,29,1.054732,0.792435
17,NSGA-II,470,28,1.054911,0.792570
17,NSGA-II,480,29,1.054916,0.792574
17,NSGA-II,490,29,1.054945,0.792596
17,NSGA-II,500,27,1.054980,0.792622
17,NSGA-III,10,22,0.000000,0.000000
17,NSGA-III,20,25,0.029523,0.022181
17,NSGA-III,30,31,0.029941,0.022495
17,NSGA-III,40,28,0.049694,0.037335
17,NSGA-III,50,31,0.055087,0.041387
17,NSGA-III,60,37,0.059615,0.044790
17,NSGA-III,70,37,0.064402,0.048386
17,NSGA-III,80,29,0.069019,0.051855
17,NSGA-III,90,29,0.069545,0.052250
17,NSGA-III,100,28,0.072747,0.054656
17,NSGA-III,110,35,0.073983,0.055585
17,NSGA-III,120,38,0.082966,0.062334
17,NSGA-III,130,23,0.085487,0.064227
17,NSGA-III,140,24,0.094666,0.071124
17,NSGA-III,150,25,0.107912,0.081076
17,NSGA-III,160,26,0.113561,0.085320
17,NSGA-III,170,27,0.118827,0.089276
17,NSGA-III,180,22,0.146276,0.109899
17,NSGA-III,190,29,0.149467,0.112297
17,NSGA-III,200,30,0.151770,0.114027
17,NSGA-III,210,36,0.155611,0.116913
17,NSGA-III,220,22,0.298396,0.224189
17,NSGA-III,230,24,0.317306,0.238397
17,NSGA-III,240,33,0.330620,0.248400
17,NSGA-III,250,38,0.332524,0.249830
17,NSGA-III,260,37,0.360809,0.271081
17,NSGA-III,270,32,0.425831,0.319933
17,NSGA-III,280,21,0.543917,0.408653
17,NSGA-III,290,23,0.550026,0.413243
17,NSGA-III,300,25,0.554148,0.416339
17,NSGA-III,310,27,0.554465,0.416578
17,NSGA-III,320,21,0.667089,0.501194
17,NSGA-III,330,15,0.688992,0.517650
17,NSGA-III,340,15,0.709100,0.532757
17,NSGA-III,350,12,0.769652,0.578251
17,NSGA-III,360,16,0.771516,0.579652
17,NSGA-III,370,18,0.792369,0.595319
17,NSGA-III,380,20,0.851149,0.639481
17,NSGA-III,390,19,0.853614,0.641333
17,NSGA-III,400,20,0.878621,0.660121
17,NSGA-III,410,10,0.901258,0.677129
17,NSGA-III,420,11,0.912669,0.685702
17,NSGA-III,430,12,0.924361,0.694486
17,NSGA-III,440,13,0.924606,0.694670
17,NSGA-III,450,9,0.983970,0.739272
17,NSGA-III,460,9,0.990151,0.743915
17,NSGA-III,470,9,0.990151,0.743915
17,NSGA-III,480,9,0.997499,0.749436
17,NSGA-III,490,9,0.997499,0.749436
17,NSGA-III,500,11,1.002973,0.753548
18,MOGWO,10,25,0.032108,0.024123
18,MOGWO,20,19,0.032737,0.024595
18,MOGWO,30,14,0.033672,0.025298
18,MOGWO,40,21,0.042879,0.032216
18,MOGWO,50,32,0.048337,0.036316
18,MOGWO,60,26,0.053685,0.040334
18,MOGWO,70,28,0.053924,0.040514
18,MOGWO,80,29,0.054174,0.040702
18,MOGWO,90,27,0.061672,0.046335
18,MOGWO,100,28,0.061792,0.046425
18,MOGWO,110,24,0.061897,0.046504
18,MOGWO,120,25,0.062549,0.046994
18,MOGWO,130,28,0.062638,0.047061
18,MOGWO,140,29,0.062873,0.047238
18,MOGWO,150,33,0.068495,0.051461
18,MOGWO,160,29,0.073678,0.055356
18,MOGWO,170,27,0.076150,0.057212
18,MOGWO,180,30,0.079746,0.059914
18,MOGWO,190,15,0.095387,0.071666
18,MOGWO,200,16,0.100586,0.075571
18,MOGWO,210,16,0.115804,0.087005
18,MOGWO,220,19,0.120344,0.090417
18,MOGWO,230,27,0.129960,0.097641
18,MOGWO,240,21,0.132152,0.099288
18,MOGWO,250,16,0.132980,0.099910
18,MOGWO,260,14,0.140562,0.105606
18,MOGWO,270,11,0.151753,0.114014
18,MOGWO,280,21,0.152023,0.114217
18,MOGWO,290,11,0.155530,0.116852
18,MOGWO,300,11,0.159044,0.119492
18,MOGWO,310,11,0.159274,0.119665
18,MOGWO,320,16,0.159337,0.119712
18,MOGWO,330,13,0.159410,0.119767
18,MOGWO,340,15,0.161235,0.121138
18,MOGWO,350,18,0.161566,0.121387
18,MOGWO,360,12,0.161774,0.121543
18,MOGWO,370,13,0.161791,0.121556
18,MOGWO,380,13,0.161876,0.121620
18,MOGWO,390,12,0.163781,0.123051
18,MOGWO,400,14,0.166264,0.124916
18,MOGWO,410,15,0.167765,0.126045
18,MOGWO,420,13,0.167855,0.126112
18,MOGWO,430,15,0.169909,0.127655
18,MOGWO,440,11,0.170213,0.127883
18,MOGWO,450,11,0.170213,0.127883
18,MOGWO,460,9,0.170334,0.127974
18,MOGWO,470,11,0.170339,0.127978
18,MOGWO,480,8,0.170382,0.128010
18,MOGWO,490,8,0.170382,0.128010
18,MOGWO,500,8,0.170430,0.128046
18,NSGA-II,10,11,0.036520,0.027438
18,NSGA-II,20,19,0.061980,0.046566
18,NSGA-II,30,26,0.063647,0.047819
18,NSGA-II,40,26,0.071670,0.053847
18,NSGA-II,50,28,0.074171,0.055726
18,NSGA-II,60,25,0.079215,0.059515
18,NSGA-II,70,35,0.083749,0.062922
18,NSGA-II,80,26,0.098025,0.073648
18,NSGA-II,90,25,0.117091,0.087972
18,NSGA-II,100,19,0.322608,0.242380
18,NSGA-II,110,19,0.393622,0.295734
18,NSGA-II,120,27,0.466761,0.350684
18,NSGA-II,130,28,0.499367,0.375182
18,NSGA-II,140,24,0.510009,0.383177
18,NSGA-II,150,13,0.700413,0.526231
18,NSGA-II,160,15,0.705775,0.530259
18,NSGA-II,170,13,0.807060,0.606356
18,NSGA-II,180,11,0.817686,0.614339
18,NSGA-II,190,10,0.823733,0.618883
18,NSGA-II,200,11,0.834203,0.626749
18,NSGA-II,210,14,0.834604,0.627050
18,NSGA-II,220,9,0.900482,0.676545
18,NSGA-II,230,6,0.901393,0.677230
18,NSGA-II,240,6,0.920253,0.691400
18,NSGA-II,250,9,0.971590,0.729970
18,NSGA-II,260,10,0.992844,0.745938
18,NSGA-II,270,12,0.993616,0.746519
18,NSGA-II,280,14,1.003633,0.754045
18,NSGA-II,290,16,1.003925,0.754264
18,NSGA-II,300,17,1.004226,0.754490
18,NSGA-II,310,16,1.027313,0.771835
18,NSGA-II,320,12,1.047963,0.787350
18,NSGA-II,330,14,1.049282,0.788341
18,NSGA-II,340,17,1.079953,0.811385
18,NSGA-II,350,20,1.091725,0.820229
18,NSGA-II,360,23,1.102627,0.828420
18,NSGA-II,370,16,1.123279,0.843936
18,NSGA-II,380,7,1.175418,0.883109
18,NSGA-II,390,9,1.203729,0.904380
18,NSGA-II,400,8,1.204163,0.904705
18,NSGA-II,410,9,1.207655,0.907329
18,NSGA-II,420,11,1.209458,0.908684
18,NSGA-II,430,12,1.210767,0.909667
18,NSGA-II,440,11,1.211059,0.909887
18,NSGA-II,450,13,1.211246,0.910027
18,NSGA-II,460,13,1.212770,0.911172
18,NSGA-II,470,13,1.213810,0.911953
18,NSGA-II,480,14,1.258646,0.945640
18,NSGA-II,490,12,1.294292,0.972421
18,NSGA-II,500,13,1.294382,0.972488
18,NSGA-III,10,23,0.034426,0.025864
18,NSGA-III,20,25,0.053981,0.040557
18,NSGA-III,30,28,0.059384,0.044616
18,NSGA-III,40,11,0.066268,0.049788
18,NSGA-III,50,17,0.066827,0.050208
18,NSGA-III,60,14,0.074555,0.056014
18,NSGA-III,70,19,0.074802,0.056200
18,NSGA-III,80,21,0.075390,0.056642
18,NSGA-III,90,25,0.083885,0.063024
18,NSGA-III,100,25,0.094712,0.071158
18,NSGA-III,110,27,0.095383,0.071662
18,NSGA-III,120,33,0.095741,0.071932
18,NSGA-III,130,37,0.098824,0.074248
18,NSGA-III,140,41,0.099711,0.074915
18,NSGA-III,150,34,0.100139,0.075236
18,NSGA-III,160,34,0.103609,0.077843
18,NSGA-III,170,40,0.103919,0.078076
18,NSGA-III,180,44,0.105496,0.079261
18,NSGA-III,190,44,0.106258,0.079833
18,NSGA-III,200,47,0.107138,0.080495
18,NSGA-III,210,44,0.108005,0.081146
18,NSGA-III,220,44,0.108186,0.081282
18,NSGA-III,230,41,0.108643,0.081625
18,NSGA-III,240,42,0.108684,0.081656
18,NSGA-III,250,32,0.110255,0.082836
18,NSGA-III,260,35,0.110260,0.082840
18,NSGA-III,270,40,0.110503,0.083023
18,NSGA-III,280,42,0.110724,0.083189
18,NSGA-III,290,46,0.110746,0.083205
18,NSGA-III,300,42,0.110804,0.083248
18,NSGA-III,310,30,0.111103,0.083473
18,NSGA-III,320,29,0.111257,0.083589
18,NSGA-III,330,30,0.111257,0.083589
18,NSGA-III,340,33,0.111456,0.083739
18,NSGA-III,350,36,0.111506,0.083776
18,NSGA-III,360,36,0.111558,0.083815
18,NSGA-III,370,37,0.111560,0.083817
18,NSGA-III,380,35,0.111580,0.083831
18,NSGA-III,390,34,0.111881,0.084058
18,NSGA-III,400,36,0.111923,0.084090
18,NSGA-III,410,36,0.112074,0.084203
18,NSGA-III,420,36,0.112074,0.084203
18,NSGA-III,430,38,0.115109,0.086483
18,NSGA-III,440,38,0.115109,0.086483
18,NSGA-III,450,39,0.115109,0.086483
18,NSGA-III,460,41,0.115166,0.086526
18,NSGA-III,470,46,0.115208,0.086557
18,NSGA-III,480,50,0.115445,0.086735
18,NSGA-III,490,50,0.115479,0.086761
18,NSGA-III,500,54,0.116703,0.087681
19,MOGWO,10,28,0.003906,0.002935
19,MOGWO,20,32,0.016011,0.012030
19,MOGWO,30,38,0.016013,0.012031
19,MOGWO,40,31,0.016034,0.012047
19,MOGWO,50,35,0.016034,0.012047
19,MOGWO,60,26,0.019494,0.014646
19,MOGWO,70,27,0.021441,0.016109
19,MOGWO,80,27,0.021494,0.016149
19,MOGWO,90,30,0.021500,0.016153
19,MOGWO,100,30,0.021539,0.016183
19,MOGWO,110,30,0.021539,0.016183
19,MOGWO,120,32,0.021539,0.016183
19,MOGWO,130,29,0.021559,0.016198
19,MOGWO,140,36,0.021559,0.016198
19,MOGWO,150,39,0.021559,0.016198
19,MOGWO,160,28,0.021649,0.016265
19,MOGWO,170,17,0.022658,0.017023
19,MOGWO,180,18,0.022658,0.017023
19,MOGWO,190,10,0.022658,0.017023
19,MOGWO,200,10,0.022658,0.017023
19,MOGWO,210,18,0.044045,0.033091
19,MOGWO,220,20,0.051006,0.038322
19,MOGWO,230,23,0.061354,0.046096
19,MOGWO,240,28,0.061968,0.046557
19,MOGWO,250,39,0.070876,0.053250
19,MOGWO,260,31,0.106219,0.079804
19,MOGWO,270,22,0.115995,0.087149
19,MOGWO,280,32,0.130572,0.098101
19,MOGWO,290,38,0.151212,0.113608
19,MOGWO,300,39,0.153486,0.115316
19,MOGWO,310,46,0.153875,0.115608
19,MOGWO,320,47,0.154321,0.115944
19,MOGWO,330,49,0.156482,0.117567
19,MOGWO,340,35,0.181905,0.136668
19,MOGWO,350,41,0.189001,0.141999
19,MOGWO,360,32,0.192174,0.144383
19,MOGWO,370,34,0.192175,0.144384
19,MOGWO,380,37,0.202945,0.152475
19,MOGWO,390,29,0.204949,0.153981
19,MOGWO,400,33,0.205260,0.154215
19,MOGWO,410,33,0.212308,0.159510
19,MOGWO,420,37,0.212645,0.159763
19,MOGWO,430,34,0.224764,0.168869
19,MOGWO,440,32,0.226063,0.169844
19,MOGWO,450,34,0.226448,0.170134
19,MOGWO,460,30,0.238227,0.178983
19,MOGWO,470,30,0.238483,0.179176
19,MOGWO,480,28,0.238580,0.179249
19,MOGWO,490,29,0.241466,0.181417
19,MOGWO,500,31,0.242699,0.182343
19,NSGA-II,10,34,0.000985,0.000740
19,NSGA-II,20,26,0.016627,0.012492
19,NSGA-II,30,24,0.018736,0.014077
19,NSGA-II,40,28,0.047009,0.035318
19,NSGA-II,50,26,0.059655,0.044820
19,NSGA-II,60,28,0.062068,0.046633
19,NSGA-II,70,37,0.063148,0.047444
19,NSGA-II,80,43,0.064964,0.048809
19,NSGA-II,90,43,0.066723,0.050130
19,NSGA-II,100,32,0.073097,0.054919
19,NSGA-II,110,39,0.073485,0.055211
19,NSGA-II,120,42,0.075654,0.056840
19,NSGA-II,130,47,0.076029,0.057122
19,NSGA-II,140,42,0.086359,0.064882
19,NSGA-II,150,50,0.099599,0.074830
19,NSGA-II,160,53,0.109396,0.082191
19,NSGA-II,170,52,0.113247,0.085084
19,NSGA-II,180,46,0.113506,0.085279
19,NSGA-II,190,34,0.114366,0.085925
19,NSGA-II,200,37,0.119651,0.089895
19,NSGA-II,210,37,0.126100,0.094741
19,NSGA-II,220,40,0.139299,0.104658
19,NSGA-II,230,45,0.140378,0.105468
19,NSGA-II,240,38,0.153583,0.115389
19,NSGA-II,250,24,0.182484,0.137103
19,NSGA-II,260,25,0.183987,0.138232
19,NSGA-II,270,24,0.194490,0.146123
19,NSGA-II,280,21,0.214917,0.161471
19,NSGA-II,290,22,0.235307,0.176790
19,NSGA-II,300,25,0.240152,0.180430
19,NSGA-II,310,19,0.379955,0.285466
19,NSGA-II,320,16,0.380147,0.285610
19,NSGA-II,330,15,0.427786,0.321402
19,NSGA-II,340,16,0.445870,0.334989
19,NSGA-II,350,19,0.448079,0.336649
19,NSGA-II,360,23,0.453743,0.340904
19,NSGA-II,370,22,0.484918,0.364326
19,NSGA-II,380,24,0.492260,0.369842
19,NSGA-II,390,24,0.517302,0.388656
19,NSGA-II,400,27,0.522739,0.392742
19,NSGA-II,410,19,0.525856,0.395084
19,NSGA-II,420,19,0.607099,0.456123
19,NSGA-II,430,15,0.831577,0.624776
19,NSGA-II,440,16,0.834789,0.627189
19,NSGA-II,450,17,0.836073,0.628154
19,NSGA-II,460,19,0.840976,0.631838
19,NSGA-II,470,20,0.841135,0.631957
19,NSGA-II,480,23,0.841315,0.632092
19,NSGA-II,490,29,0.842208,0.632764
19,NSGA-II,500,32,0.842916,0.633295
19,NSGA-III,10,19,0.000000,0.000000
19,NSGA-III,20,24,0.032703,0.024570
19,NSGA-III,30,35,0.035744,0.026855
19,NSGA-III,40,42,0.044959,0.033779
19,NSGA-III,50,34,0.047710,0.035845
19,NSGA-III,60,32,0.055461,0.041669
19,NSGA-III,70,42,0.055815,0.041934
19,NSGA-III,80,30,0.063340,0.047588
19,NSGA-III,90,31,0.070748,0.053154
19,NSGA-III,100,30,0.076700,0.057626
19,NSGA-III,110,29,0.087375,0.065646
19,NSGA-III,120,32,0.094315,0.070860
19,NSGA-III,130,39,0.127757,0.095985
19,NSGA-III,140,32,0.164028,0.123236
19,NSGA-III,150,37,0.167627,0.125941
19,NSGA-III,160,34,0.174423,0.131047
19,NSGA-III,170,32,0.210878,0.158436
19,NSGA-III,180,18,0.270913,0.203541
19,NSGA-III,190,23,0.274877,0.206519
19,NSGA-III,200,28,0.277499,0.208489
19,NSGA-III,210,29,0.292517,0.219772
19,NSGA-III,220,33,0.298491,0.224261
19,NSGA-III,230,20,0.426279,0.320269
19,NSGA-III,240,17,0.473718,0.355911
19,NSGA-III,250,22,0.473989,0.356115
19,NSGA-III,260,24,0.474246,0.356308
19,NSGA-III,270,20,0.492151,0.369761
19,NSGA-III,280,19,0.498779,0.374740
19,NSGA-III,290,27,0.560485,0.421101
19,NSGA-III,300,24,0.560551,0.421150
19,NSGA-III,310,25,0.599349,0.450300
19,NSGA-III,320,29,0.606559,0.455716
19,NSGA-III,330,29,0.696881,0.523577
19,NSGA-III,340,33,0.708642,0.532413
19,NSGA-III,350,37,0.709475,0.533039
19,NSGA-III,360,37,0.713499,0.536062
19,NSGA-III,370,38,0.716548,0.538353
19,NSGA-III,380,33,0.764658,0.574499
19,NSGA-III,390,13,0.896096,0.673250
19,NSGA-III,400,15,0.896205,0.673332
19,NSGA-III,410,16,0.896732,0.673728
19,NSGA-III,420,17,0.896996,0.673926
19,NSGA-III,430,17,1.009038,0.758105
19,NSGA-III,440,18,1.009242,0.758258
19,NSGA-III,450,21,1.037686,0.779629
19,NSGA-III,460,19,1.086845,0.816563
19,NSGA-III,470,20,1.090654,0.819424
19,NSGA-III,480,20,1.090654,0.819424
19,NSGA-III,490,22,1.104372,0.829731
19,NSGA-III,500,25,1.104887,0.830118
