run,algorithm,iteration,front_size,hypervolume,hypervolume_ratio
0,MOGWO,10,20,0.000000,0.000000
0,MOGWO,20,31,0.000000,0.000000
0,MOGWO,30,28,0.000000,0.000000
0,MOGWO,40,24,0.000000,0.000000
0,MOGWO,50,26,0.000000,0.000000
0,MOGWO,60,30,0.000000,0.000000
0,MOGWO,70,31,0.000000,0.000000
0,MOGWO,80,25,0.000000,0.000000
0,MOGWO,90,24,0.000000,0.000000
0,MOGWO,100,22,0.000000,0.000000
0,MOGWO,110,20,0.000000,0.000000
0,MOGWO,120,24,0.000000,0.000000
0,MOGWO,130,34,0.000000,0.000000
0,MOGWO,140,39,0.000000,0.000000
0,MOGWO,150,38,0.000000,0.000000
0,MOGWO,160,40,0.000000,0.000000
0,MOGWO,170,44,0.000000,0.000000
0,MOGWO,180,51,0.000000,0.000000
0,MOGWO,190,45,0.000000,0.000000
0,MOGWO,200,45,0.000000,0.000000
0,MOGWO,210,32,0.000000,0.000000
0,MOGWO,220,36,0.000000,0.000000
0,MOGWO,230,19,0.000000,0.000000
0,MOGWO,240,23,0.000000,0.000000
0,MOGWO,250,18,0.000000,0.000000
0,MOGWO,260,10,0.000000,0.000000
0,MOGWO,270,8,0.000000,0.000000
0,MOGWO,280,4,0.000000,0.000000
0,MOGWO,290,8,0.000000,0.000000
0,MOGWO,300,3,0.014367,0.010794
0,MOGWO,310,6,0.014367,0.010794
0,MOGWO,320,5,0.034191,0.025688
0,MOGWO,330,7,0.034191,0.025688
0,MOGWO,340,7,0.034191,0.025688
0,MOGWO,350,7,0.034191,0.025688
0,MOGWO,360,8,0.034191,0.025688
0,MOGWO,370,8,0.034191,0.025688
0,MOGWO,380,13,0.059571,0.044756
0,MOGWO,390,10,0.061836,0.046458
0,MOGWO,400,12,0.067325,0.050582
0,MOGWO,410,11,0.071004,0.053346
0,MOGWO,420,6,0.076028,0.057121
0,MOGWO,430,7,0.097425,0.073197
0,MOGWO,440,7,0.097425,0.073197
0,MOGWO,450,6,0.099475,0.074737
0,MOGWO,460,7,0.099738,0.074935
0,MOGWO,470,10,0.099754,0.074946
0,MOGWO,480,12,0.100148,0.075242
0,MOGWO,490,8,0.108540,0.081548
0,MOGWO,500,8,0.108540,0.081548
0,NSGA-II,10,27,0.000000,0.000000
0,NSGA-II,20,30,0.000000,0.000000
0,NSGA-II,30,44,0.000000,0.000000
0,NSGA-II,40,51,0.000000,0.000000
0,NSGA-II,50,46,0.000000,0.000000
0,NSGA-II,60,42,0.000000,0.000000
0,NSGA-II,70,50,0.000000,0.000000
0,NSGA-II,80,51,0.000000,0.000000
0,NSGA-II,90,40,0.000000,0.000000
0,NSGA-II,100,45,0.000000,0.000000
0,NSGA-II,110,43,0.016188,0.012162
0,NSGA-II,120,42,0.016554,0.012437
0,NSGA-II,130,37,0.016554,0.012437
0,NSGA-II,140,28,0.016554,0.012437
0,NSGA-II,150,26,0.016554,0.012437
0,NSGA-II,160,23,0.016554,0.012437
0,NSGA-II,170,17,0.016554,0.012437
0,NSGA-II,180,20,0.019678,0.014784
0,NSGA-II,190,13,0.019678,0.014784
0,NSGA-II,200,21,0.023645,0.017764
0,NSGA-II,210,24,0.032145,0.024151
0,NSGA-II,220,16,0.033461,0.025140
0,NSGA-II,230,5,0.146898,0.110367
0,NSGA-II,240,6,0.168632,0.126695
0,NSGA-II,250,11,0.170954,0.128440
0,NSGA-II,260,15,0.179087,0.134551
0,NSGA-II,270,17,0.191297,0.143724
0,NSGA-II,280,22,0.204026,0.153288
0,NSGA-II,290,14,0.217381,0.163321
0,NSGA-II,300,12,0.305167,0.229277
0,NSGA-II,310,16,0.310336,0.233160
0,NSGA-II,320,18,0.314391,0.236207
0,NSGA-II,330,19,0.336757,0.253010
0,NSGA-II,340,9,0.511055,0.383963
0,NSGA-II,350,9,0.511055,0.383963
0,NSGA-II,360,9,0.546115,0.410304
0,NSGA-II,370,7,0.633436,0.475910
0,NSGA-II,380,4,0.687839,0.516784
0,NSGA-II,390,5,0.687842,0.516786
0,NSGA-II,400,5,0.688945,0.517614
0,NSGA-II,410,6,0.696062,0.522962
0,NSGA-II,420,7,0.719692,0.540715
0,NSGA-II,430,7,0.719692,0.540715
0,NSGA-II,440,7,0.726735,0.546006
0,NSGA-II,450,8,0.736799,0.553568
0,NSGA-II,460,8,0.736799,0.553568
0,NSGA-II,470,10,0.745310,0.559963
0,NSGA-II,480,11,0.748643,0.562466
0,NSGA-II,490,9,0.773434,0.581093
0,NSGA-II,500,9,0.773434,0.581093
0,NSGA-III,10,38,0.000000,0.000000
0,NSGA-III,20,37,0.000000,0.000000
0,NSGA-III,30,25,0.000000,0.000000
0,NSGA-III,40,21,0.000000,0.000000
0,NSGA-III,50,36,0.000000,0.000000
0,NSGA-III,60,25,0.000000,0.000000
0,NSGA-III,70,24,0.000000,0.000000
0,NSGA-III,80,26,0.000000,0.000000
0,NSGA-III,90,8,0.021523,0.016171
0,NSGA-III,100,16,0.029720,0.022329
0,NSGA-III,110,14,0.033845,0.025428
0,NSGA-III,120,11,0.081310,0.061089
0,NSGA-III,130,15,0.081609,0.061314
0,NSGA-III,140,23,0.193928,0.145701
0,NSGA-III,150,20,0.208603,0.156727
0,NSGA-III,160,13,0.212622,0.159746
0,NSGA-III,170,16,0.248268,0.186527
0,NSGA-III,180,19,0.248268,0.186527
0,NSGA-III,190,16,0.352631,0.264937
0,NSGA-III,200,8,0.480537,0.361035
0,NSGA-III,210,9,0.671874,0.504789
0,NSGA-III,220,13,0.673567,0.506061
0,NSGA-III,230,7,0.722719,0.542990
0,NSGA-III,240,7,0.742111,0.557559
0,NSGA-III,250,10,0.810158,0.608683
0,NSGA-III,260,4,0.849309,0.638098
0,NSGA-III,270,6,0.863807,0.648991
0,NSGA-III,280,8,0.878765,0.660229
0,NSGA-III,290,8,0.878765,0.660229
0,NSGA-III,300,10,0.893320,0.671165
0,NSGA-III,310,8,0.913618,0.686415
0,NSGA-III,320,10,0.915826,0.688074
0,NSGA-III,330,6,1.013622,0.761549
0,NSGA-III,340,4,1.040702,0.781895
0,NSGA-III,350,4,1.040702,0.781895
0,NSGA-III,360,5,1.042059,0.782914
0,NSGA-III,370,5,1.042059,0.782914
0,NSGA-III,380,6,1.042793,0.783466
0,NSGA-III,390,7,1.053699,0.791660
0,NSGA-III,400,8,1.053699,0.791660
0,NSGA-III,410,8,1.053756,0.791702
0,NSGA-III,420,7,1.075894,0.808335
0,NSGA-III,430,4,1.084282,0.814637
0,NSGA-III,440,4,1.092612,0.820896
0,NSGA-III,450,4,1.104944,0.830160
0,NSGA-III,460,4,1.104944,0.830160
0,NSGA-III,470,4,1.104944,0.830160
0,NSGA-III,480,4,1.104944,0.830160
0,NSGA-III,490,4,1.147667,0.862259
0,NSGA-III,500,4,1.147667,0.862259
1,MOGWO,10,20,0.000000,0.000000
1,MOGWO,20,22,0.000000,0.000000
1,MOGWO,30,31,0.000000,0.000000
1,MOGWO,40,25,0.000000,0.000000
1,MOGWO,50,23,0.000000,0.000000
1,MOGWO,60,21,0.000000,0.000000
1,MOGWO,70,24,0.000000,0.000000
1,MOGWO,80,28,0.000000,0.000000
1,MOGWO,90,26,0.000000,0.000000
1,MOGWO,100,24,0.000000,0.000000
1,MOGWO,110,26,0.000000,0.000000
1,MOGWO,120,28,0.000000,0.000000
1,MOGWO,130,21,0.000000,0.000000
1,MOGWO,140,27,0.000000,0.000000
1,MOGWO,150,26,0.000000,0.000000
1,MOGWO,160,31,0.000000,0.000000
1,MOGWO,170,22,0.006886,0.005174
1,MOGWO,180,29,0.006946,0.005219
1,MOGWO,190,32,0.019908,0.014957
1,MOGWO,200,21,0.019995,0.015023
1,MOGWO,210,25,0.022964,0.017253
1,MOGWO,220,15,0.071663,0.053841
1,MOGWO,230,10,0.127401,0.095718
1,MOGWO,240,16,0.131842,0.099055
1,MOGWO,250,18,0.134151,0.100790
1,MOGWO,260,5,0.235908,0.177241
1,MOGWO,270,18,0.250416,0.188141
1,MOGWO,280,14,0.265966,0.199824
1,MOGWO,290,10,0.288372,0.216658
1,MOGWO,300,13,0.335464,0.252039
1,MOGWO,310,12,0.338030,0.253967
1,MOGWO,320,14,0.348502,0.261835
1,MOGWO,330,19,0.413959,0.311014
1,MOGWO,340,22,0.413961,0.311015
1,MOGWO,350,20,0.415150,0.311908
1,MOGWO,360,16,0.425327,0.319555
1,MOGWO,370,22,0.437164,0.328448
1,MOGWO,380,16,0.438612,0.329536
1,MOGWO,390,15,0.445569,0.334763
1,MOGWO,400,17,0.446513,0.335472
1,MOGWO,410,14,0.459231,0.345027
1,MOGWO,420,7,0.489969,0.368121
1,MOGWO,430,7,0.490280,0.368355
1,MOGWO,440,9,0.493341,0.370654
1,MOGWO,450,5,0.515781,0.387514
1,MOGWO,460,5,0.529573,0.397876
1,MOGWO,470,6,0.529594,0.397892
1,MOGWO,480,6,0.529594,0.397892
1,MOGWO,490,5,0.529625,0.397915
1,MOGWO,500,5,0.529625,0.397915
1,NSGA-II,10,22,0.000000,0.000000
1,NSGA-II,20,30,0.000000,0.000000
1,NSGA-II,30,34,0.000000,0.000000
1,NSGA-II,40,29,0.000000,0.000000
1,NSGA-II,50,27,0.008912,0.006696
1,NSGA-II,60,35,0.008912,0.006696
1,NSGA-II,70,34,0.008912,0.006696
1,NSGA-II,80,37,0.015839,0.011900
1,NSGA-II,90,34,0.016537,0.012424
1,NSGA-II,100,30,0.016580,0.012457
1,NSGA-II,110,34,0.019003,0.014277
1,NSGA-II,120,35,0.019019,0.014289
1,NSGA-II,130,28,0.050833,0.038192
1,NSGA-II,140,29,0.056675,0.042581
1,NSGA-II,150,32,0.056712,0.042609
1,NSGA-II,160,29,0.056725,0.042619
1,NSGA-II,170,28,0.059317,0.044566
1,NSGA-II,180,38,0.059509,0.044710
1,NSGA-II,190,41,0.059746,0.044888
1,NSGA-II,200,31,0.059746,0.044888
1,NSGA-II,210,26,0.060097,0.045152
1,NSGA-II,220,25,0.060405,0.045383
1,NSGA-II,230,31,0.060723,0.045622
1,NSGA-II,240,31,0.061008,0.045836
1,NSGA-II,250,19,0.063371,0.047612
1,NSGA-II,260,23,0.063742,0.047891
1,NSGA-II,270,22,0.074723,0.056141
1,NSGA-II,280,29,0.074766,0.056173
1,NSGA-II,290,22,0.176213,0.132392
1,NSGA-II,300,25,0.176822,0.132849
1,NSGA-II,310,33,0.176925,0.132926
1,NSGA-II,320,25,0.178005,0.133738
1,NSGA-II,330,26,0.196449,0.147595
1,NSGA-II,340,26,0.196607,0.147714
1,NSGA-II,350,29,0.199390,0.149805
1,NSGA-II,360,28,0.202496,0.152138
1,NSGA-II,370,18,0.244098,0.183394
1,NSGA-II,380,19,0.375519,0.282133
1,NSGA-II,390,20,0.375977,0.282477
1,NSGA-II,400,23,0.383576,0.288186
1,NSGA-II,410,17,0.402930,0.302728
1,NSGA-II,420,18,0.418115,0.314136
1,NSGA-II,430,19,0.419383,0.315089
1,NSGA-II,440,19,0.419383,0.315089
1,NSGA-II,450,17,0.419543,0.315209
1,NSGA-II,460,18,0.419907,0.315482
1,NSGA-II,470,20,0.420030,0.315575
1,NSGA-II,480,19,0.448089,0.336656
1,NSGA-II,490,20,0.448091,0.336658
1,NSGA-II,500,23,0.467092,0.350933
1,NSGA-III,10,22,0.000000,0.000000
1,NSGA-III,20,38,0.000000,0.000000
1,NSGA-III,30,22,0.000000,0.000000
1,NSGA-III,40,21,0.000000,0.000000
1,NSGA-III,50,35,0.000000,0.000000
1,NSGA-III,60,34,0.000327,0.000246
1,NSGA-III,70,13,0.013072,0.009821
1,NSGA-III,80,22,0.013183,0.009904
1,NSGA-III,90,30,0.015309,0.011502
1,NSGA-III,100,34,0.032911,0.024726
1,NSGA-III,110,23,0.033655,0.025286
1,NSGA-III,120,18,0.061205,0.045984
1,NSGA-III,130,24,0.061205,0.045984
1,NSGA-III,140,29,0.074440,0.055928
1,NSGA-III,150,23,0.074443,0.055930
1,NSGA-III,160,20,0.074461,0.055944
1,NSGA-III,170,23,0.075417,0.056662
1,NSGA-III,180,20,0.075486,0.056713
1,NSGA-III,190,22,0.087532,0.065764
1,NSGA-III,200,25,0.127513,0.095803
1,NSGA-III,210,26,0.156165,0.117329
1,NSGA-III,220,26,0.250870,0.188482
1,NSGA-III,230,21,0.285383,0.214412
1,NSGA-III,240,16,0.362248,0.272163
1,NSGA-III,250,16,0.364149,0.273590
1,NSGA-III,260,20,0.381819,0.286866
1,NSGA-III,270,13,0.593103,0.445607
1,NSGA-III,280,14,0.598198,0.449435
1,NSGA-III,290,17,0.603610,0.453501
1,NSGA-III,300,15,0.658740,0.494921
1,NSGA-III,310,17,0.668423,0.502196
1,NSGA-III,320,19,0.669962,0.503352
1,NSGA-III,330,17,0.690064,0.518456
1,NSGA-III,340,18,0.709132,0.532781
1,NSGA-III,350,15,0.712968,0.535663
1,NSGA-III,360,10,0.766262,0.575704
1,NSGA-III,370,15,0.783752,0.588845
1,NSGA-III,380,15,0.783752,0.588845
1,NSGA-III,390,16,0.789349,0.593050
1,NSGA-III,400,17,0.789469,0.593139
1,NSGA-III,410,18,0.789538,0.593191
1,NSGA-III,420,20,0.789782,0.593375
1,NSGA-III,430,22,0.791525,0.594685
1,NSGA-III,440,22,0.791525,0.594685
1,NSGA-III,450,20,0.878469,0.660007
1,NSGA-III,460,19,0.881061,0.661954
1,NSGA-III,470,19,0.897504,0.674308
1,NSGA-III,480,19,0.900780,0.676769
1,NSGA-III,490,20,0.902442,0.678018
1,NSGA-III,500,21,0.902450,0.678024
2,MOGWO,10,27,0.011457,0.008608
2,MOGWO,20,37,0.011457,0.008608
2,MOGWO,30,37,0.011517,0.008653
2,MOGWO,40,43,0.014471,0.010872
2,MOGWO,50,45,0.014506,0.010899
2,MOGWO,60,49,0.014617,0.010982
2,MOGWO,70,44,0.015260,0.011465
2,MOGWO,80,37,0.015687,0.011786
2,MOGWO,90,36,0.018068,0.013575
2,MOGWO,100,37,0.043315,0.032543
2,MOGWO,110,32,0.043745,0.032866
2,MOGWO,120,34,0.044740,0.033614
2,MOGWO,130,32,0.046055,0.034602
2,MOGWO,140,34,0.046175,0.034692
2,MOGWO,150,33,0.078887,0.059269
2,MOGWO,160,38,0.079173,0.059484
2,MOGWO,170,47,0.079499,0.059729
2,MOGWO,180,48,0.080870,0.060759
2,MOGWO,190,42,0.081850,0.061495
2,MOGWO,200,51,0.082684,0.062122
2,MOGWO,210,50,0.084619,0.063575
2,MOGWO,220,26,0.096883,0.072790
2,MOGWO,230,33,0.097930,0.073576
2,MOGWO,240,32,0.099391,0.074674
2,MOGWO,250,32,0.100285,0.075345
2,MOGWO,260,41,0.110811,0.083254
2,MOGWO,270,55,0.118417,0.088968
2,MOGWO,280,56,0.122382,0.091947
2,MOGWO,290,54,0.123562,0.092834
2,MOGWO,300,59,0.127664,0.095916
2,MOGWO,310,61,0.130292,0.097890
2,MOGWO,320,66,0.136392,0.102474
2,MOGWO,330,69,0.136688,0.102696
2,MOGWO,340,68,0.140628,0.105656
2,MOGWO,350,73,0.140632,0.105659
2,MOGWO,360,70,0.141236,0.106112
2,MOGWO,370,52,0.143567,0.107864
2,MOGWO,380,41,0.151624,0.113917
2,MOGWO,390,45,0.152122,0.114291
2,MOGWO,400,50,0.152299,0.114424
2,MOGWO,410,49,0.153586,0.115391
2,MOGWO,420,70,0.154148,0.115813
2,MOGWO,430,70,0.162857,0.122357
2,MOGWO,440,81,0.163177,0.122597
2,MOGWO,450,91,0.168031,0.126244
2,MOGWO,460,94,0.168714,0.126758
2,MOGWO,470,93,0.168957,0.126940
2,MOGWO,480,98,0.170026,0.127743
2,MOGWO,490,100,0.170181,0.127860
2,MOGWO,500,100,0.170184,0.127861
2,NSGA-II,10,23,0.016004,0.012024
2,NSGA-II,20,34,0.035871,0.026951
2,NSGA-II,30,41,0.045348,0.034070
2,NSGA-II,40,40,0.058833,0.044202
2,NSGA-II,50,30,0.068978,0.051824
2,NSGA-II,60,36,0.080655,0.060598
2,NSGA-II,70,34,0.084153,0.063226
2,NSGA-II,80,29,0.087974,0.066096
2,NSGA-II,90,37,0.089450,0.067205
2,NSGA-II,100,39,0.093146,0.069982
2,NSGA-II,110,49,0.109428,0.082215
2,NSGA-II,120,47,0.120470,0.090511
2,NSGA-II,130,40,0.121993,0.091655
2,NSGA-II,140,47,0.132411,0.099483
2,NSGA-II,150,23,0.136664,0.102678
2,NSGA-II,160,27,0.143413,0.107748
2,NSGA-II,170,26,0.154413,0.116013
2,NSGA-II,180,27,0.169509,0.127355
2,NSGA-II,190,36,0.178113,0.133819
2,NSGA-II,200,26,0.209678,0.157534
2,NSGA-II,210,32,0.211799,0.159127
2,NSGA-II,220,14,0.272472,0.204712
2,NSGA-II,230,15,0.289168,0.217256
2,NSGA-II,240,10,0.352786,0.265053
2,NSGA-II,250,14,0.356603,0.267921
2,NSGA-II,260,16,0.361550,0.271638
2,NSGA-II,270,12,0.394005,0.296022
2,NSGA-II,280,14,0.404861,0.304178
2,NSGA-II,290,13,0.410330,0.308287
2,NSGA-II,300,15,0.411147,0.308901
2,NSGA-II,310,18,0.415160,0.311916
2,NSGA-II,320,20,0.415231,0.311969
2,NSGA-II,330,24,0.415466,0.312146
2,NSGA-II,340,29,0.439099,0.329902
2,NSGA-II,350,33,0.450076,0.338149
2,NSGA-II,360,35,0.452103,0.339671
2,NSGA-II,370,36,0.477105,0.358456
2,NSGA-II,380,41,0.502185,0.377299
2,NSGA-II,390,46,0.502911,0.377844
2,NSGA-II,400,47,0.508524,0.382061
2,NSGA-II,410,48,0.522099,0.392261
2,NSGA-II,420,49,0.531140,0.399053
2,NSGA-II,430,50,0.537052,0.403495
2,NSGA-II,440,39,0.540836,0.406338
2,NSGA-II,450,40,0.547045,0.411003
2,NSGA-II,460,44,0.548454,0.412062
2,NSGA-II,470,40,0.598635,0.449763
2,NSGA-II,480,36,0.603597,0.453492
2,NSGA-II,490,35,0.605711,0.455079
2,NSGA-II,500,33,0.612938,0.460509
2,NSGA-III,10,11,0.019419,0.014590
2,NSGA-III,20,26,0.033594,0.025240
2,NSGA-III,30,23,0.046363,0.034833
2,NSGA-III,40,24,0.065176,0.048967
2,NSGA-III,50,29,0.068225,0.051258
2,NSGA-III,60,23,0.081917,0.061545
2,NSGA-III,70,16,0.104430,0.078460
2,NSGA-III,80,11,0.166562,0.125140
2,NSGA-III,90,16,0.183770,0.138069
2,NSGA-III,100,10,0.431474,0.324173
2,NSGA-III,110,6,0.581406,0.436819
2,NSGA-III,120,9,0.714901,0.537116
2,NSGA-III,130,8,0.738449,0.554808
2,NSGA-III,140,5,0.808095,0.607134
2,NSGA-III,150,6,0.817359,0.614094
2,NSGA-III,160,6,0.817359,0.614094
2,NSGA-III,170,8,0.911860,0.685094
2,NSGA-III,180,10,0.917117,0.689043
2,NSGA-III,190,11,0.943083,0.708552
2,NSGA-III,200,12,0.959119,0.720601
2,NSGA-III,210,12,0.959119,0.720601
2,NSGA-III,220,18,0.965085,0.725083
2,NSGA-III,230,19,0.965877,0.725677
2,NSGA-III,240,8,0.999057,0.750606
2,NSGA-III,250,10,1.014336,0.762086
2,NSGA-III,260,10,1.018021,0.764854
2,NSGA-III,270,12,1.026753,0.771415
2,NSGA-III,280,15,1.028434,0.772677
2,NSGA-III,290,15,1.057420,0.794455
2,NSGA-III,300,15,1.057420,0.794455
2,NSGA-III,310,14,1.081657,0.812665
2,NSGA-III,320,12,1.094461,0.822285
2,NSGA-III,330,13,1.241523,0.932775
2,NSGA-III,340,15,1.241737,0.932935
2,NSGA-III,350,13,1.248157,0.937759
2,NSGA-III,360,6,1.260092,0.946726
2,NSGA-III,370,6,1.260092,0.946726
2,NSGA-III,380,8,1.265859,0.951059
2,NSGA-III,390,7,1.276384,0.958966
2,NSGA-III,400,8,1.276961,0.959399
2,NSGA-III,410,10,1.277888,0.960096
2,NSGA-III,420,11,1.278154,0.960296
2,NSGA-III,430,13,1.279980,0.961668
2,NSGA-III,440,14,1.285658,0.965934
2,NSGA-III,450,16,1.286332,0.966440
2,NSGA-III,460,17,1.297422,0.974772
2,NSGA-III,470,18,1.299322,0.976200
2,NSGA-III,480,20,1.302380,0.978497
2,NSGA-III,490,20,1.303471,0.979317
2,NSGA-III,500,20,1.303471,0.979317
3,MOGWO,10,16,0.033212,0.024953
3,MOGWO,20,20,0.035939,0.027002
3,MOGWO,30,21,0.036318,0.027286
3,MOGWO,40,27,0.037628,0.028270
3,MOGWO,50,27,0.047487,0.035678
3,MOGWO,60,33,0.047769,0.035890
3,MOGWO,70,32,0.048148,0.036174
3,MOGWO,80,34,0.048602,0.036516
3,MOGWO,90,26,0.050076,0.037623
3,MOGWO,100,29,0.050278,0.037774
3,MOGWO,110,36,0.050630,0.038039
3,MOGWO,120,31,0.052478,0.039428
3,MOGWO,130,33,0.061461,0.046177
3,MOGWO,140,39,0.062067,0.046632
3,MOGWO,150,42,0.065916,0.049523
3,MOGWO,160,36,0.067479,0.050698
3,MOGWO,170,36,0.077874,0.058508
3,MOGWO,180,32,0.080383,0.060393
3,MOGWO,190,39,0.080594,0.060551
3,MOGWO,200,43,0.092315,0.069357
3,MOGWO,210,55,0.094081,0.070684
3,MOGWO,220,40,0.102650,0.077123
3,MOGWO,230,39,0.107710,0.080924
3,MOGWO,240,52,0.109569,0.082321
3,MOGWO,250,35,0.119919,0.090097
3,MOGWO,260,41,0.122591,0.092104
3,MOGWO,270,53,0.124330,0.093411
3,MOGWO,280,63,0.125048,0.093950
3,MOGWO,290,66,0.125466,0.094264
3,MOGWO,300,69,0.129827,0.097541
3,MOGWO,310,76,0.134846,0.101312
3,MOGWO,320,81,0.135613,0.101888
3,MOGWO,330,94,0.140824,0.105803
3,MOGWO,340,73,0.144342,0.108446
3,MOGWO,350,73,0.144881,0.108851
3,MOGWO,360,69,0.147414,0.110755
3,MOGWO,370,59,0.148317,0.111433
3,MOGWO,380,64,0.148572,0.111624
3,MOGWO,390,65,0.149410,0.112254
3,MOGWO,400,76,0.149845,0.112581
3,MOGWO,410,80,0.149921,0.112638
3,MOGWO,420,84,0.150964,0.113422
3,MOGWO,430,89,0.152000,0.114200
3,MOGWO,440,94,0.152650,0.114688
3,MOGWO,450,100,0.153567,0.115377
3,MOGWO,460,91,0.157248,0.118142
3,MOGWO,470,81,0.158177,0.118841
3,MOGWO,480,83,0.158224,0.118876
3,MOGWO,490,82,0.158250,0.118895
3,MOGWO,500,85,0.158316,0.118945
3,NSGA-II,10,34,0.049665,0.037314
3,NSGA-II,20,33,0.064421,0.048400
3,NSGA-II,30,33,0.068921,0.051781
3,NSGA-II,40,35,0.070614,0.053053
3,NSGA-II,50,31,0.075859,0.056994
3,NSGA-II,60,30,0.083792,0.062954
3,NSGA-II,70,37,0.093698,0.070397
3,NSGA-II,80,29,0.098612,0.074089
3,NSGA-II,90,38,0.100831,0.075756
3,NSGA-II,100,37,0.102478,0.076993
3,NSGA-II,110,35,0.105674,0.079394
3,NSGA-II,120,39,0.127317,0.095655
3,NSGA-II,130,43,0.132973,0.099904
3,NSGA-II,140,37,0.141209,0.106093
3,NSGA-II,150,38,0.156604,0.117659
3,NSGA-II,160,31,0.202964,0.152490
3,NSGA-II,170,31,0.209163,0.157147
3,NSGA-II,180,36,0.213200,0.160180
3,NSGA-II,190,37,0.213459,0.160375
3,NSGA-II,200,42,0.280905,0.211048
3,NSGA-II,210,41,0.281886,0.211785
3,NSGA-II,220,41,0.333884,0.250852
3,NSGA-II,230,43,0.341660,0.256694
3,NSGA-II,240,41,0.342770,0.257528
3,NSGA-II,250,39,0.342975,0.257682
3,NSGA-II,260,37,0.343378,0.257985
3,NSGA-II,270,33,0.344530,0.258850
3,NSGA-II,280,37,0.344669,0.258955
3,NSGA-II,290,42,0.344699,0.258977
3,NSGA-II,300,41,0.345052,0.259242
3,NSGA-II,310,42,0.347631,0.261180
3,NSGA-II,320,46,0.348299,0.261682
3,NSGA-II,330,44,0.348610,0.261916
3,NSGA-II,340,45,0.360722,0.271016
3,NSGA-II,350,47,0.401379,0.301562
3,NSGA-II,360,49,0.401532,0.301677
3,NSGA-II,370,53,0.409728,0.307835
3,NSGA-II,380,52,0.414099,0.311119
3,NSGA-II,390,49,0.421599,0.316753
3,NSGA-II,400,52,0.421934,0.317006
3,NSGA-II,410,52,0.422877,0.317714
3,NSGA-II,420,52,0.422877,0.317714
3,NSGA-II,430,41,0.441149,0.331442
3,NSGA-II,440,43,0.442137,0.332184
3,NSGA-II,450,45,0.442221,0.332248
3,NSGA-II,460,47,0.467934,0.351565
3,NSGA-II,470,44,0.481910,0.362066
3,NSGA-II,480,47,0.485573,0.364818
3,NSGA-II,490,39,0.502924,0.377854
3,NSGA-II,500,39,0.502924,0.377854
3,NSGA-III,10,12,0.040527,0.030449
3,NSGA-III,20,18,0.060972,0.045809
3,NSGA-III,30,22,0.065995,0.049583
3,NSGA-III,40,18,0.067112,0.050422
3,NSGA-III,50,27,0.107986,0.081131
3,NSGA-III,60,21,0.126108,0.094747
3,NSGA-III,70,28,0.131927,0.099119
3,NSGA-III,80,20,0.192214,0.144413
3,NSGA-III,90,29,0.239362,0.179836
3,NSGA-III,100,26,0.271495,0.203978
3,NSGA-III,110,16,0.405516,0.304670
3,NSGA-III,120,17,0.407567,0.306211
3,NSGA-III,130,12,0.470829,0.353741
3,NSGA-III,140,13,0.487422,0.366207
3,NSGA-III,150,8,0.533831,0.401075
3,NSGA-III,160,6,0.562458,0.422583
3,NSGA-III,170,9,0.592501,0.445155
3,NSGA-III,180,8,0.649754,0.488170
3,NSGA-III,190,16,0.671172,0.504262
3,NSGA-III,200,17,0.674663,0.506884
3,NSGA-III,210,9,0.741711,0.557258
3,NSGA-III,220,10,0.758174,0.569627
3,NSGA-III,230,8,0.766918,0.576197
3,NSGA-III,240,10,0.788426,0.592356
3,NSGA-III,250,14,0.833617,0.626309
3,NSGA-III,260,16,0.875838,0.658030
3,NSGA-III,270,18,0.882544,0.663068
3,NSGA-III,280,15,0.890702,0.669197
3,NSGA-III,290,18,0.944562,0.709663
3,NSGA-III,300,21,0.945428,0.710314
3,NSGA-III,310,19,0.955252,0.717695
3,NSGA-III,320,7,0.989880,0.743711
3,NSGA-III,330,5,1.006645,0.756308
3,NSGA-III,340,5,1.006645,0.756308
3,NSGA-III,350,5,1.006645,0.756308
3,NSGA-III,360,9,1.039407,0.780922
3,NSGA-III,370,9,1.039407,0.780922
3,NSGA-III,380,10,1.039459,0.780961
3,NSGA-III,390,13,1.040461,0.781714
3,NSGA-III,400,10,1.052711,0.790918
3,NSGA-III,410,12,1.057727,0.794686
3,NSGA-III,420,15,1.063428,0.798969
3,NSGA-III,430,15,1.063428,0.798969
3,NSGA-III,440,17,1.077616,0.809629
3,NSGA-III,450,18,1.078454,0.810259
3,NSGA-III,460,8,1.104015,0.829462
3,NSGA-III,470,8,1.114517,0.837353
3,NSGA-III,480,12,1.135004,0.852745
3,NSGA-III,490,15,1.136957,0.854213
3,NSGA-III,500,16,1.139632,0.856223
4,MOGWO,10,24,0.000000,0.000000
4,MOGWO,20,29,0.004898,0.003680
4,MOGWO,30,25,0.004898,0.003680
4,MOGWO,40,27,0.025420,0.019098
4,MOGWO,50,36,0.025440,0.019113
4,MOGWO,60,28,0.025725,0.019327
4,MOGWO,70,27,0.025725,0.019327
4,MOGWO,80,35,0.026948,0.020246
4,MOGWO,90,35,0.027204,0.020439
4,MOGWO,100,35,0.028506,0.021417
4,MOGWO,110,36,0.032147,0.024153
4,MOGWO,120,39,0.033070,0.024846
4,MOGWO,130,41,0.033116,0.024881
4,MOGWO,140,26,0.035323,0.026539
4,MOGWO,150,34,0.035353,0.026561
4,MOGWO,160,38,0.035621,0.026763
4,MOGWO,170,41,0.035621,0.026763
4,MOGWO,180,36,0.042390,0.031848
4,MOGWO,190,51,0.046442,0.034893
4,MOGWO,200,34,0.051977,0.039051
4,MOGWO,210,26,0.065153,0.048951
4,MOGWO,220,33,0.079626,0.059824
4,MOGWO,230,39,0.088322,0.066357
4,MOGWO,240,41,0.093714,0.070409
4,MOGWO,250,53,0.144920,0.108881
4,MOGWO,260,62,0.146662,0.110190
4,MOGWO,270,71,0.154213,0.115863
4,MOGWO,280,58,0.184980,0.138978
4,MOGWO,290,59,0.198521,0.149152
4,MOGWO,300,59,0.202350,0.152028
4,MOGWO,310,62,0.209988,0.157767
4,MOGWO,320,70,0.212926,0.159974
4,MOGWO,330,77,0.213785,0.160620
4,MOGWO,340,74,0.214500,0.161157
4,MOGWO,350,86,0.235479,0.176919
4,MOGWO,360,72,0.240645,0.180800
4,MOGWO,370,74,0.252629,0.189804
4,MOGWO,380,83,0.255383,0.191873
4,MOGWO,390,85,0.262487,0.197210
4,MOGWO,400,86,0.268536,0.201755
4,MOGWO,410,93,0.270565,0.203279
4,MOGWO,420,100,0.280120,0.210458
4,MOGWO,430,98,0.281689,0.211637
4,MOGWO,440,100,0.284013,0.213383
4,MOGWO,450,89,0.292114,0.219469
4,MOGWO,460,89,0.292759,0.219954
4,MOGWO,470,92,0.295323,0.221881
4,MOGWO,480,100,0.300175,0.225526
4,MOGWO,490,99,0.300126,0.225489
4,MOGWO,500,100,0.300325,0.225639
4,NSGA-II,10,15,0.007215,0.005421
4,NSGA-II,20,28,0.027361,0.020557
4,NSGA-II,30,26,0.032665,0.024542
4,NSGA-II,40,24,0.045618,0.034274
4,NSGA-II,50,23,0.058595,0.044024
4,NSGA-II,60,24,0.059698,0.044852
4,NSGA-II,70,31,0.061855,0.046473
4,NSGA-II,80,29,0.064843,0.048718
4,NSGA-II,90,17,0.066746,0.050147
4,NSGA-II,100,26,0.067797,0.050937
4,NSGA-II,110,30,0.075509,0.056731
4,NSGA-II,120,25,0.079003,0.059356
4,NSGA-II,130,31,0.094114,0.070709
4,NSGA-II,140,34,0.096031,0.072149
4,NSGA-II,150,43,0.096239,0.072306
4,NSGA-II,160,41,0.107956,0.081109
4,NSGA-II,170,46,0.109002,0.081895
4,NSGA-II,180,52,0.115761,0.086973
4,NSGA-II,190,52,0.116160,0.087273
4,NSGA-II,200,45,0.138824,0.104301
4,NSGA-II,210,51,0.138892,0.104351
4,NSGA-II,220,57,0.139427,0.104753
4,NSGA-II,230,54,0.143562,0.107860
4,NSGA-II,240,56,0.146656,0.110185
4,NSGA-II,250,58,0.146928,0.110389
4,NSGA-II,260,52,0.148525,0.111589
4,NSGA-II,270,48,0.154533,0.116103
4,NSGA-II,280,41,0.176261,0.132427
4,NSGA-II,290,27,0.188222,0.141414
4,NSGA-II,300,35,0.208036,0.156300
4,NSGA-II,310,39,0.214799,0.161381
4,NSGA-II,320,47,0.222547,0.167203
4,NSGA-II,330,51,0.229024,0.172069
4,NSGA-II,340,56,0.230183,0.172940
4,NSGA-II,350,41,0.259584,0.195029
4,NSGA-II,360,31,0.290108,0.217963
4,NSGA-II,370,32,0.290108,0.217963
4,NSGA-II,380,35,0.290120,0.217971
4,NSGA-II,390,29,0.305790,0.229744
4,NSGA-II,400,32,0.307066,0.230703
4,NSGA-II,410,29,0.327097,0.245753
4,NSGA-II,420,33,0.327956,0.246398
4,NSGA-II,430,33,0.329161,0.247304
4,NSGA-II,440,27,0.329662,0.247680
4,NSGA-II,450,24,0.332706,0.249967
4,NSGA-II,460,28,0.334824,0.251558
4,NSGA-II,470,28,0.338513,0.254330
4,NSGA-II,480,32,0.339788,0.255287
4,NSGA-II,490,21,0.390026,0.293032
4,NSGA-II,500,20,0.416435,0.312874
4,NSGA-III,10,17,0.004663,0.003503
4,NSGA-III,20,34,0.027478,0.020644
4,NSGA-III,30,32,0.028408,0.021343
4,NSGA-III,40,38,0.042279,0.031765
4,NSGA-III,50,26,0.047948,0.036024
4,NSGA-III,60,27,0.054001,0.040571
4,NSGA-III,70,30,0.054541,0.040977
4,NSGA-III,80,25,0.060802,0.045682
4,NSGA-III,90,36,0.062366,0.046856
4,NSGA-III,100,40,0.063362,0.047605
4,NSGA-III,110,35,0.065840,0.049467
4,NSGA-III,120,37,0.067393,0.050634
4,NSGA-III,130,42,0.071060,0.053389
4,NSGA-III,140,32,0.087802,0.065967
4,NSGA-III,150,31,0.107627,0.080862
4,NSGA-III,160,37,0.128147,0.096279
4,NSGA-III,170,51,0.137055,0.102971
4,NSGA-III,180,33,0.234047,0.175843
4,NSGA-III,190,24,0.281313,0.211354
4,NSGA-III,200,32,0.284798,0.213973
4,NSGA-III,210,41,0.332769,0.250015
4,NSGA-III,220,44,0.334632,0.251414
4,NSGA-III,230,27,0.521927,0.392132
4,NSGA-III,240,21,0.589725,0.443069
4,NSGA-III,250,26,0.592201,0.444929
4,NSGA-III,260,27,0.592287,0.444994
4,NSGA-III,270,23,0.599663,0.450536
4,NSGA-III,280,23,0.604761,0.454366
4,NSGA-III,290,20,0.619775,0.465646
4,NSGA-III,300,19,0.637716,0.479125
4,NSGA-III,310,9,0.834476,0.626954
4,NSGA-III,320,5,0.848879,0.637775
4,NSGA-III,330,6,0.862180,0.647768
4,NSGA-III,340,6,0.862180,0.647768
4,NSGA-III,350,6,0.869891,0.653562
4,NSGA-III,360,6,0.948239,0.712426
4,NSGA-III,370,9,0.950403,0.714052
4,NSGA-III,380,10,0.951002,0.714502
4,NSGA-III,390,11,1.036986,0.779103
4,NSGA-III,400,10,1.047108,0.786708
4,NSGA-III,410,9,1.050277,0.789089
4,NSGA-III,420,8,1.098726,0.825489
4,NSGA-III,430,11,1.144989,0.860247
4,NSGA-III,440,13,1.145055,0.860297
4,NSGA-III,450,13,1.145055,0.860297
4,NSGA-III,460,14,1.237070,0.929429
4,NSGA-III,470,19,1.242013,0.933143
4,NSGA-III,480,19,1.242013,0.933143
4,NSGA-III,490,20,1.242559,0.933553
4,NSGA-III,500,21,1.243038,0.933913
5,MOGWO,10,22,0.000000,0.000000
5,MOGWO,20,21,0.000000,0.000000
5,MOGWO,30,29,0.000000,0.000000
5,MOGWO,40,21,0.000000,0.000000
5,MOGWO,50,26,0.000000,0.000000
5,MOGWO,60,26,0.000000,0.000000
5,MOGWO,70,30,0.005384,0.004045
5,MOGWO,80,21,0.005384,0.004045
5,MOGWO,90,25,0.005384,0.004045
5,MOGWO,100,28,0.007523,0.005652
5,MOGWO,110,29,0.007523,0.005652
5,MOGWO,120,29,0.007523,0.005652
5,MOGWO,130,25,0.008213,0.006171
5,MOGWO,140,27,0.008215,0.006172
5,MOGWO,150,33,0.008215,0.006172
5,MOGWO,160,28,0.010259,0.007708
5,MOGWO,170,29,0.010259,0.007708
5,MOGWO,180,29,0.010259,0.007708
5,MOGWO,190,29,0.010259,0.007708
5,MOGWO,200,13,0.015472,0.011624
5,MOGWO,210,10,0.103494,0.077757
5,MOGWO,220,5,0.352008,0.264469
5,MOGWO,230,5,0.358888,0.269638
5,MOGWO,240,9,0.424021,0.318573
5,MOGWO,250,9,0.424158,0.318676
5,MOGWO,260,6,0.432115,0.324654
5,MOGWO,270,4,0.439264,0.330025
5,MOGWO,280,6,0.441597,0.331778
5,MOGWO,290,9,0.449498,0.337714
5,MOGWO,300,8,0.453314,0.340581
5,MOGWO,310,11,0.470618,0.353582
5,MOGWO,320,12,0.471216,0.354032
5,MOGWO,330,6,0.475990,0.357619
5,MOGWO,340,7,0.476200,0.357776
5,MOGWO,350,7,0.476200,0.357776
5,MOGWO,360,8,0.480541,0.361038
5,MOGWO,370,9,0.480795,0.361228
5,MOGWO,380,10,0.480798,0.361231
5,MOGWO,390,10,0.480798,0.361231
5,MOGWO,400,11,0.483946,0.363596
5,MOGWO,410,12,0.484022,0.363653
5,MOGWO,420,13,0.490426,0.368464
5,MOGWO,430,15,0.491099,0.368970
5,MOGWO,440,12,0.494379,0.371434
5,MOGWO,450,14,0.494383,0.371437
5,MOGWO,460,13,0.497833,0.374030
5,MOGWO,470,12,0.498461,0.374501
5,MOGWO,480,12,0.498988,0.374897
5,MOGWO,490,10,0.499576,0.375339
5,MOGWO,500,6,0.499685,0.375421
5,NSGA-II,10,27,0.005385,0.004046
5,NSGA-II,20,31,0.027346,0.020545
5,NSGA-II,30,51,0.037236,0.027976
5,NSGA-II,40,50,0.037837,0.028428
5,NSGA-II,50,54,0.039372,0.029581
5,NSGA-II,60,46,0.040379,0.030337
5,NSGA-II,70,47,0.051003,0.038320
5,NSGA-II,80,57,0.051157,0.038435
5,NSGA-II,90,53,0.051526,0.038712
5,NSGA-II,100,48,0.051891,0.038986
5,NSGA-II,110,50,0.062463,0.046929
5,NSGA-II,120,50,0.065009,0.048843
5,NSGA-II,130,33,0.066437,0.049915
5,NSGA-II,140,38,0.076536,0.057503
5,NSGA-II,150,44,0.077725,0.058396
5,NSGA-II,160,42,0.078547,0.059013
5,NSGA-II,170,45,0.079404,0.059658
5,NSGA-II,180,48,0.089618,0.067331
5,NSGA-II,190,42,0.094420,0.070939
5,NSGA-II,200,37,0.103249,0.077573
5,NSGA-II,210,43,0.103280,0.077595
5,NSGA-II,220,33,0.116564,0.087576
5,NSGA-II,230,36,0.116900,0.087828
5,NSGA-II,240,40,0.117458,0.088248
5,NSGA-II,250,34,0.122692,0.092180
5,NSGA-II,260,37,0.127252,0.095606
5,NSGA-II,270,31,0.127726,0.095962
5,NSGA-II,280,31,0.129441,0.097251
5,NSGA-II,290,34,0.141371,0.106214
5,NSGA-II,300,32,0.141822,0.106553
5,NSGA-II,310,37,0.142748,0.107249
5,NSGA-II,320,39,0.146108,0.109773
5,NSGA-II,330,40,0.146457,0.110036
5,NSGA-II,340,43,0.146548,0.110104
5,NSGA-II,350,43,0.146548,0.110104
5,NSGA-II,360,46,0.157469,0.118309
5,NSGA-II,370,49,0.158047,0.118743
5,NSGA-II,380,49,0.158051,0.118746
5,NSGA-II,390,49,0.162331,0.121962
5,NSGA-II,400,52,0.165239,0.124147
5,NSGA-II,410,54,0.166376,0.125001
5,NSGA-II,420,56,0.166482,0.125080
5,NSGA-II,430,56,0.166491,0.125087
5,NSGA-II,440,53,0.167343,0.125727
5,NSGA-II,450,40,0.171839,0.129105
5,NSGA-II,460,41,0.171884,0.129139
5,NSGA-II,470,40,0.175552,0.131895
5,NSGA-II,480,37,0.182998,0.137489
5,NSGA-II,490,39,0.233436,0.175384
5,NSGA-II,500,43,0.235038,0.176587
5,NSGA-III,10,25,0.009465,0.007112
5,NSGA-III,20,11,0.033699,0.025318
5,NSGA-III,30,27,0.034614,0.026006
5,NSGA-III,40,42,0.044836,0.033686
5,NSGA-III,50,37,0.053923,0.040513
5,NSGA-III,60,38,0.056469,0.042426
5,NSGA-III,70,38,0.077876,0.058509
5,NSGA-III,80,37,0.082979,0.062343
5,NSGA-III,90,47,0.084389,0.063403
5,NSGA-III,100,24,0.095097,0.071448
5,NSGA-III,110,25,0.129819,0.097535
5,NSGA-III,120,13,0.144102,0.108266
5,NSGA-III,130,9,0.157119,0.118046
5,NSGA-III,140,9,0.227566,0.170974
5,NSGA-III,150,14,0.237441,0.178393
5,NSGA-III,160,15,0.261319,0.196333
5,NSGA-III,170,7,0.322303,0.242151
5,NSGA-III,180,5,0.722989,0.543193
5,NSGA-III,190,3,0.726716,0.545992
5,NSGA-III,200,5,0.731482,0.549573
5,NSGA-III,210,8,0.802102,0.602631
5,NSGA-III,220,3,0.837829,0.629473
5,NSGA-III,230,4,0.904614,0.679650
5,NSGA-III,240,5,0.916675,0.688712
5,NSGA-III,250,6,1.008056,0.757367
5,NSGA-III,260,9,1.026037,0.770877
5,NSGA-III,270,4,1.077835,0.809793
5,NSGA-III,280,5,1.102086,0.828013
5,NSGA-III,290,6,1.117676,0.839726
5,NSGA-III,300,8,1.117682,0.839731
5,NSGA-III,310,8,1.117682,0.839731
5,NSGA-III,320,9,1.117683,0.839732
5,NSGA-III,330,8,1.133888,0.851907
5,NSGA-III,340,6,1.135233,0.852918
5,NSGA-III,350,6,1.135233,0.852918
5,NSGA-III,360,6,1.135233,0.852918
5,NSGA-III,370,6,1.135233,0.852918
5,NSGA-III,380,6,1.135233,0.852918
5,NSGA-III,390,7,1.135241,0.852923
5,NSGA-III,400,8,1.154023,0.867035
5,NSGA-III,410,4,1.274637,0.957653
5,NSGA-III,420,6,1.300847,0.977346
5,NSGA-III,430,6,1.300847,0.977346
5,NSGA-III,440,4,1.302084,0.978275
5,NSGA-III,450,5,1.302269,0.978414
5,NSGA-III,460,6,1.321306,0.992717
5,NSGA-III,470,6,1.321306,0.992717
5,NSGA-III,480,6,1.321857,0.993130
5,NSGA-III,490,6,1.321857,0.993130
5,NSGA-III,500,7,1.321869,0.993140
6,MOGWO,10,27,0.000000,0.000000
6,MOGWO,20,40,0.000000,0.000000
6,MOGWO,30,29,0.007988,0.006001
6,MOGWO,40,32,0.009633,0.007237
6,MOGWO,50,32,0.009734,0.007313
6,MOGWO,60,25,0.010543,0.007921
6,MOGWO,70,33,0.012061,0.009061
6,MOGWO,80,35,0.012876,0.009674
6,MOGWO,90,42,0.012976,0.009749
6,MOGWO,100,43,0.013035,0.009793
6,MOGWO,110,47,0.013035,0.009793
6,MOGWO,120,42,0.013111,0.009850
6,MOGWO,130,45,0.021757,0.016346
6,MOGWO,140,40,0.027717,0.020825
6,MOGWO,150,39,0.027865,0.020936
6,MOGWO,160,34,0.030174,0.022670
6,MOGWO,170,20,0.036983,0.027786
6,MOGWO,180,21,0.051299,0.038542
6,MOGWO,190,23,0.068178,0.051223
6,MOGWO,200,24,0.071670,0.053847
6,MOGWO,210,23,0.077469,0.058204
6,MOGWO,220,29,0.084913,0.063797
6,MOGWO,230,25,0.088046,0.066151
6,MOGWO,240,22,0.090613,0.068079
6,MOGWO,250,23,0.092217,0.069284
6,MOGWO,260,19,0.096515,0.072513
6,MOGWO,270,19,0.098030,0.073651
6,MOGWO,280,22,0.105749,0.079451
6,MOGWO,290,23,0.106221,0.079805
6,MOGWO,300,23,0.107158,0.080509
6,MOGWO,310,31,0.107389,0.080683
6,MOGWO,320,36,0.107599,0.080841
6,MOGWO,330,28,0.107729,0.080939
6,MOGWO,340,24,0.108073,0.081197
6,MOGWO,350,19,0.112135,0.084248
6,MOGWO,360,23,0.119697,0.089930
6,MOGWO,370,33,0.124386,0.093453
6,MOGWO,380,22,0.132441,0.099505
6,MOGWO,390,35,0.133694,0.100446
6,MOGWO,400,35,0.134864,0.101325
6,MOGWO,410,39,0.135286,0.101642
6,MOGWO,420,37,0.137556,0.103348
6,MOGWO,430,45,0.137613,0.103391
6,MOGWO,440,49,0.138231,0.103855
6,MOGWO,450,44,0.138365,0.103956
6,MOGWO,460,42,0.140439,0.105514
6,MOGWO,470,46,0.140449,0.105521
6,MOGWO,480,40,0.140451,0.105523
6,MOGWO,490,39,0.140452,0.105524
6,MOGWO,500,40,0.140452,0.105524
6,NSGA-II,10,29,0.013588,0.010209
6,NSGA-II,20,32,0.028097,0.021110
6,NSGA-II,30,29,0.038536,0.028952
6,NSGA-II,40,37,0.059651,0.044817
6,NSGA-II,50,26,0.067623,0.050806
6,NSGA-II,60,28,0.089159,0.066986
6,NSGA-II,70,29,0.151189,0.113591
6,NSGA-II,80,23,0.245113,0.184157
6,NSGA-II,90,21,0.261996,0.196841
6,NSGA-II,100,21,0.263686,0.198111
6,NSGA-II,110,19,0.276505,0.207743
6,NSGA-II,120,30,0.326357,0.245197
6,NSGA-II,130,33,0.332110,0.249519
6,NSGA-II,140,26,0.387074,0.290814
6,NSGA-II,150,30,0.388433,0.291836
6,NSGA-II,160,25,0.395094,0.296840
6,NSGA-II,170,25,0.409554,0.307704
6,NSGA-II,180,27,0.462929,0.347806
6,NSGA-II,190,22,0.481085,0.361446
6,NSGA-II,200,23,0.498369,0.374432
6,NSGA-II,210,24,0.500433,0.375983
6,NSGA-II,220,30,0.502441,0.377491
6,NSGA-II,230,32,0.740828,0.556595
6,NSGA-II,240,31,0.876481,0.658513
6,NSGA-II,250,21,0.892601,0.670624
6,NSGA-II,260,13,0.936576,0.703663
6,NSGA-II,270,14,0.960216,0.721424
6,NSGA-II,280,14,1.020520,0.766731
6,NSGA-II,290,16,1.020522,0.766733
6,NSGA-II,300,18,1.020680,0.766852
6,NSGA-II,310,16,1.039356,0.780884
6,NSGA-II,320,16,1.062051,0.797934
6,NSGA-II,330,18,1.062697,0.798420
6,NSGA-II,340,15,1.065397,0.800448
6,NSGA-II,350,15,1.065397,0.800448
6,NSGA-II,360,14,1.071756,0.805226
6,NSGA-II,370,15,1.071833,0.805284
6,NSGA-II,380,18,1.076985,0.809155
6,NSGA-II,390,20,1.077135,0.809267
6,NSGA-II,400,24,1.080026,0.811439
6,NSGA-II,410,24,1.080026,0.811439
6,NSGA-II,420,25,1.080735,0.811972
6,NSGA-II,430,26,1.080756,0.811988
6,NSGA-II,440,30,1.085537,0.815580
6,NSGA-II,450,28,1.086305,0.816157
6,NSGA-II,460,29,1.086487,0.816294
6,NSGA-II,470,23,1.120628,0.841944
6,NSGA-II,480,23,1.130414,0.849296
6,NSGA-II,490,25,1.131727,0.850283
6,NSGA-II,500,26,1.137780,0.854831
6,NSGA-III,10,16,0.004991,0.003750
6,NSGA-III,20,35,0.017635,0.013250
6,NSGA-III,30,35,0.026465,0.019883
6,NSGA-III,40,32,0.035700,0.026822
6,NSGA-III,50,26,0.040976,0.030786
6,NSGA-III,60,31,0.045452,0.034149
6,NSGA-III,70,32,0.049372,0.037094
6,NSGA-III,80,45,0.056522,0.042466
6,NSGA-III,90,43,0.058669,0.044079
6,NSGA-III,100,30,0.130270,0.097874
6,NSGA-III,110,14,0.141568,0.106362
6,NSGA-III,120,18,0.143795,0.108035
6,NSGA-III,130,26,0.144342,0.108446
6,NSGA-III,140,18,0.165962,0.124689
6,NSGA-III,150,16,0.212685,0.159794
6,NSGA-III,160,18,0.259158,0.194709
6,NSGA-III,170,10,0.415155,0.311912
6,NSGA-III,180,11,0.418656,0.314542
6,NSGA-III,190,13,0.514292,0.386395
6,NSGA-III,200,15,0.515232,0.387101
6,NSGA-III,210,12,0.524456,0.394031
6,NSGA-III,220,12,0.524717,0.394228
6,NSGA-III,230,14,0.526408,0.395498
6,NSGA-III,240,13,0.566432,0.425569
6,NSGA-III,250,18,0.575943,0.432714
6,NSGA-III,260,20,0.577444,0.433842
6,NSGA-III,270,19,0.584777,0.439352
6,NSGA-III,280,23,0.606711,0.455831
6,NSGA-III,290,24,0.620857,0.466459
6,NSGA-III,300,28,0.621786,0.467157
6,NSGA-III,310,19,0.664191,0.499017
6,NSGA-III,320,21,0.668474,0.502235
6,NSGA-III,330,21,0.668791,0.502472
6,NSGA-III,340,25,0.669060,0.502675
6,NSGA-III,350,30,0.669495,0.503002
6,NSGA-III,360,29,0.679321,0.510384
6,NSGA-III,370,31,0.679505,0.510522
6,NSGA-III,380,34,0.725827,0.545325
6,NSGA-III,390,35,0.725847,0.545339
6,NSGA-III,400,33,0.737097,0.553792
6,NSGA-III,410,21,0.746960,0.561202
6,NSGA-III,420,21,0.746960,0.561202
6,NSGA-III,430,19,0.750943,0.564194
6,NSGA-III,440,23,0.802774,0.603136
6,NSGA-III,450,23,0.812347,0.610328
6,NSGA-III,460,25,0.820268,0.616279
6,NSGA-III,470,26,0.825928,0.620532
6,NSGA-III,480,22,0.847454,0.636705
6,NSGA-III,490,22,0.847972,0.637094
6,NSGA-III,500,25,0.866210,0.650796
7,MOGWO,10,18,0.011833,0.008890
7,MOGWO,20,22,0.012071,0.009069
7,MOGWO,30,35,0.012303,0.009243
7,MOGWO,40,33,0.012303,0.009243
7,MOGWO,50,36,0.012380,0.009301
7,MOGWO,60,35,0.012380,0.009301
7,MOGWO,70,44,0.012436,0.009344
7,MOGWO,80,43,0.012560,0.009436
7,MOGWO,90,49,0.012560,0.009436
7,MOGWO,100,42,0.022106,0.016608
7,MOGWO,110,44,0.022945,0.017239
7,MOGWO,120,51,0.029816,0.022401
7,MOGWO,130,50,0.029919,0.022479
7,MOGWO,140,59,0.030006,0.022544
7,MOGWO,150,52,0.046507,0.034942
7,MOGWO,160,53,0.046613,0.035021
7,MOGWO,170,50,0.047002,0.035314
7,MOGWO,180,44,0.047002,0.035314
7,MOGWO,190,50,0.050567,0.037992
7,MOGWO,200,51,0.057743,0.043383
7,MOGWO,210,43,0.063876,0.047991
7,MOGWO,220,44,0.064513,0.048469
7,MOGWO,230,41,0.067572,0.050768
7,MOGWO,240,40,0.082527,0.062004
7,MOGWO,250,43,0.084258,0.063304
7,MOGWO,260,57,0.084629,0.063583
7,MOGWO,270,61,0.085317,0.064100
7,MOGWO,280,65,0.085904,0.064541
7,MOGWO,290,70,0.086057,0.064656
7,MOGWO,300,63,0.088761,0.066688
7,MOGWO,310,58,0.096923,0.072820
7,MOGWO,320,55,0.097532,0.073277
7,MOGWO,330,60,0.106015,0.079651
7,MOGWO,340,53,0.108200,0.081293
7,MOGWO,350,58,0.109678,0.082403
7,MOGWO,360,58,0.111031,0.083419
7,MOGWO,370,62,0.111728,0.083943
7,MOGWO,380,63,0.112484,0.084511
7,MOGWO,390,65,0.113408,0.085205
7,MOGWO,400,70,0.114821,0.086266
7,MOGWO,410,77,0.115023,0.086419
7,MOGWO,420,91,0.115434,0.086727
7,MOGWO,430,95,0.115796,0.086999
7,MOGWO,440,84,0.121238,0.091088
7,MOGWO,450,82,0.122248,0.091847
7,MOGWO,460,81,0.122368,0.091937
7,MOGWO,470,79,0.122484,0.092024
7,MOGWO,480,76,0.122568,0.092087
7,MOGWO,490,78,0.122636,0.092138
7,MOGWO,500,76,0.122753,0.092226
7,NSGA-II,10,25,0.006986,0.005249
7,NSGA-II,20,33,0.010479,0.007873
7,NSGA-II,30,23,0.033725,0.025338
7,NSGA-II,40,28,0.044055,0.033099
7,NSGA-II,50,29,0.045579,0.034244
7,NSGA-II,60,41,0.046578,0.034994
7,NSGA-II,70,22,0.049982,0.037552
7,NSGA-II,80,29,0.052156,0.039185
7,NSGA-II,90,26,0.064817,0.048698
7,NSGA-II,100,35,0.073105,0.054925
7,NSGA-II,110,23,0.106382,0.079926
7,NSGA-II,120,15,0.170991,0.128468
7,NSGA-II,130,16,0.264923,0.199041
7,NSGA-II,140,17,0.286164,0.214999
7,NSGA-II,150,15,0.356151,0.267582
7,NSGA-II,160,21,0.403902,0.303457
7,NSGA-II,170,25,0.447357,0.336106
7,NSGA-II,180,27,0.491917,0.369585
7,NSGA-II,190,22,0.535978,0.402689
7,NSGA-II,200,9,0.648862,0.487499
7,NSGA-II,210,11,0.674892,0.507056
7,NSGA-II,220,16,0.681499,0.512020
7,NSGA-II,230,19,0.683584,0.513587
7,NSGA-II,240,16,0.708990,0.532675
7,NSGA-II,250,11,0.742592,0.557921
7,NSGA-II,260,7,0.760716,0.571537
7,NSGA-II,270,11,0.778302,0.584750
7,NSGA-II,280,10,0.815624,0.612791
7,NSGA-II,290,11,0.901880,0.677595
7,NSGA-II,300,14,0.912301,0.685425
7,NSGA-II,310,17,0.923477,0.693822
7,NSGA-II,320,17,0.924004,0.694218
7,NSGA-II,330,20,0.924216,0.694377
7,NSGA-II,340,19,0.962721,0.723307
7,NSGA-II,350,20,1.021465,0.767442
7,NSGA-II,360,11,1.023782,0.769183
7,NSGA-II,370,8,1.041882,0.782782
7,NSGA-II,380,9,1.051088,0.789698
7,NSGA-II,390,9,1.051088,0.789698
7,NSGA-II,400,3,1.124746,0.845038
7,NSGA-II,410,3,1.124746,0.845038
7,NSGA-II,420,3,1.124746,0.845038
7,NSGA-II,430,5,1.135845,0.853377
7,NSGA-II,440,5,1.142377,0.858285
7,NSGA-II,450,5,1.142377,0.858285
7,NSGA-II,460,7,1.148338,0.862763
7,NSGA-II,470,7,1.148338,0.862763
7,NSGA-II,480,8,1.149316,0.863498
7,NSGA-II,490,8,1.150255,0.864204
7,NSGA-II,500,9,1.182979,0.888790
7,NSGA-III,10,26,0.017664,0.013272
7,NSGA-III,20,24,0.018222,0.013690
7,NSGA-III,30,24,0.029172,0.021917
7,NSGA-III,40,32,0.041480,0.031164
7,NSGA-III,50,29,0.052325,0.039312
7,NSGA-III,60,35,0.059151,0.044441
7,NSGA-III,70,53,0.068492,0.051459
7,NSGA-III,80,46,0.070973,0.053323
7,NSGA-III,90,47,0.071995,0.054091
7,NSGA-III,100,44,0.076736,0.057653
7,NSGA-III,110,48,0.096263,0.072324
7,NSGA-III,120,53,0.097462,0.073225
7,NSGA-III,130,56,0.098011,0.073637
7,NSGA-III,140,51,0.144227,0.108360
7,NSGA-III,150,43,0.220379,0.165574
7,NSGA-III,160,39,0.223288,0.167760
7,NSGA-III,170,29,0.244969,0.184049
7,NSGA-III,180,28,0.265311,0.199332
7,NSGA-III,190,27,0.265940,0.199805
7,NSGA-III,200,27,0.270462,0.203202
7,NSGA-III,210,31,0.311491,0.234028
7,NSGA-III,220,43,0.335275,0.251897
7,NSGA-III,230,31,0.437174,0.328455
7,NSGA-III,240,23,0.633286,0.475797
7,NSGA-III,250,18,0.647711,0.486635
7,NSGA-III,260,22,0.672350,0.505146
7,NSGA-III,270,23,0.680977,0.511628
7,NSGA-III,280,22,0.712428,0.535258
7,NSGA-III,290,27,0.719593,0.540641
7,NSGA-III,300,28,0.736893,0.553639
7,NSGA-III,310,25,0.760298,0.571223
7,NSGA-III,320,19,0.768874,0.577666
7,NSGA-III,330,19,0.768929,0.577708
7,NSGA-III,340,21,0.815652,0.612811
7,NSGA-III,350,23,0.824835,0.619711
7,NSGA-III,360,27,0.831989,0.625086
7,NSGA-III,370,23,0.908959,0.682914
7,NSGA-III,380,20,0.911997,0.685197
7,NSGA-III,390,23,0.930367,0.698998
7,NSGA-III,400,6,1.034929,0.777557
7,NSGA-III,410,7,1.034968,0.777587
7,NSGA-III,420,8,1.036112,0.778446
7,NSGA-III,430,8,1.036719,0.778902
7,NSGA-III,440,11,1.092642,0.820918
7,NSGA-III,450,11,1.092642,0.820918
7,NSGA-III,460,12,1.093448,0.821524
7,NSGA-III,470,13,1.095033,0.822714
7,NSGA-III,480,14,1.096080,0.823501
7,NSGA-III,490,16,1.096598,0.823891
7,NSGA-III,500,19,1.117745,0.839778
8,MOGWO,10,11,0.000000,0.000000
8,MOGWO,20,18,0.000000,0.000000
8,MOGWO,30,21,0.000000,0.000000
8,MOGWO,40,17,0.004273,0.003211
8,MOGWO,50,27,0.004273,0.003211
8,MOGWO,60,29,0.004273,0.003211
8,MOGWO,70,33,0.004273,0.003211
8,MOGWO,80,36,0.020040,0.015057
8,MOGWO,90,35,0.020040,0.015057
8,MOGWO,100,40,0.020069,0.015078
8,MOGWO,110,23,0.020069,0.015078
8,MOGWO,120,32,0.024886,0.018697
8,MOGWO,130,36,0.024908,0.018714
8,MOGWO,140,34,0.026616,0.019997
8,MOGWO,150,32,0.028690,0.021555
8,MOGWO,160,33,0.030911,0.023224
8,MOGWO,170,35,0.031022,0.023308
8,MOGWO,180,14,0.054399,0.040871
8,MOGWO,190,11,0.059442,0.044660
8,MOGWO,200,22,0.071167,0.053469
8,MOGWO,210,26,0.074893,0.056268
8,MOGWO,220,31,0.095120,0.071465
8,MOGWO,230,20,0.125035,0.093941
8,MOGWO,240,21,0.135749,0.101991
8,MOGWO,250,11,0.191243,0.143684
8,MOGWO,260,15,0.209060,0.157070
8,MOGWO,270,17,0.217390,0.163328
8,MOGWO,280,18,0.231276,0.173761
8,MOGWO,290,18,0.231767,0.174130
8,MOGWO,300,25,0.233734,0.175608
8,MOGWO,310,28,0.234425,0.176127
8,MOGWO,320,33,0.235848,0.177196
8,MOGWO,330,33,0.236494,0.177681
8,MOGWO,340,32,0.239796,0.180162
8,MOGWO,350,38,0.240435,0.180642
8,MOGWO,360,39,0.241025,0.181086
8,MOGWO,370,39,0.241027,0.181087
8,MOGWO,380,39,0.241447,0.181402
8,MOGWO,390,37,0.246050,0.184861
8,MOGWO,400,38,0.249857,0.187721
8,MOGWO,410,38,0.249857,0.187721
8,MOGWO,420,40,0.251395,0.188877
8,MOGWO,430,39,0.258966,0.194565
8,MOGWO,440,40,0.263390,0.197889
8,MOGWO,450,32,0.266114,0.199935
8,MOGWO,460,35,0.270481,0.203217
8,MOGWO,470,29,0.276240,0.207543
8,MOGWO,480,36,0.280038,0.210397
8,MOGWO,490,37,0.280317,0.210607
8,MOGWO,500,39,0.280387,0.210659
8,NSGA-II,10,30,0.001678,0.001261
8,NSGA-II,20,38,0.002536,0.001905
8,NSGA-II,30,18,0.024384,0.018320
8,NSGA-II,40,26,0.034951,0.026259
8,NSGA-II,50,39,0.039408,0.029608
8,NSGA-II,60,22,0.045310,0.034042
8,NSGA-II,70,24,0.065588,0.049278
8,NSGA-II,80,16,0.154044,0.115735
8,NSGA-II,90,16,0.162825,0.122333
8,NSGA-II,100,16,0.192322,0.144494
8,NSGA-II,110,18,0.287526,0.216023
8,NSGA-II,120,21,0.292391,0.219677
8,NSGA-II,130,16,0.311918,0.234348
8,NSGA-II,140,17,0.319028,0.239690
8,NSGA-II,150,16,0.319126,0.239764
8,NSGA-II,160,15,0.351221,0.263877
8,NSGA-II,170,18,0.351937,0.264416
8,NSGA-II,180,12,0.362364,0.272250
8,NSGA-II,190,14,0.385025,0.289275
8,NSGA-II,200,16,0.393538,0.295671
8,NSGA-II,210,12,0.468610,0.352073
8,NSGA-II,220,16,0.471169,0.353996
8,NSGA-II,230,16,0.475502,0.357252
8,NSGA-II,240,17,0.486661,0.365635
8,NSGA-II,250,17,0.556625,0.418200
8,NSGA-II,260,13,0.562497,0.422612
8,NSGA-II,270,10,0.636932,0.478536
8,NSGA-II,280,14,0.644721,0.484388
8,NSGA-II,290,16,0.673745,0.506195
8,NSGA-II,300,18,0.708431,0.532255
8,NSGA-II,310,16,0.710591,0.533877
8,NSGA-II,320,19,0.711615,0.534647
8,NSGA-II,330,23,0.711806,0.534791
8,NSGA-II,340,18,0.755889,0.567911
8,NSGA-II,350,23,0.758112,0.569581
8,NSGA-II,360,27,0.765589,0.575198
8,NSGA-II,370,24,0.770545,0.578922
8,NSGA-II,380,26,0.770864,0.579162
8,NSGA-II,390,30,0.781590,0.587220
8,NSGA-II,400,28,0.835230,0.627520
8,NSGA-II,410,29,0.843904,0.634038
8,NSGA-II,420,30,0.846012,0.635622
8,NSGA-II,430,31,0.861656,0.647375
8,NSGA-II,440,25,0.924680,0.694726
8,NSGA-II,450,26,0.924831,0.694839
8,NSGA-II,460,29,0.927171,0.696597
8,NSGA-II,470,29,0.940185,0.706375
8,NSGA-II,480,28,0.975730,0.733081
8,NSGA-II,490,28,0.975838,0.733162
8,NSGA-II,500,29,0.975892,0.733202
8,NSGA-III,10,30,0.000000,0.000000
8,NSGA-III,20,23,0.000000,0.000000
8,NSGA-III,30,25,0.008751,0.006575
8,NSGA-III,40,33,0.012399,0.009315
8,NSGA-III,50,21,0.027193,0.020431
8,NSGA-III,60,16,0.033490,0.025162
8,NSGA-III,70,25,0.066341,0.049843
8,NSGA-III,80,19,0.188766,0.141823
8,NSGA-III,90,11,0.205036,0.154046
8,NSGA-III,100,8,0.250624,0.188298
8,NSGA-III,110,12,0.349057,0.262251
8,NSGA-III,120,5,0.430900,0.323741
8,NSGA-III,130,10,0.483324,0.363128
8,NSGA-III,140,12,0.549347,0.412733
8,NSGA-III,150,11,0.585371,0.439798
8,NSGA-III,160,8,0.613465,0.460906
8,NSGA-III,170,8,0.623701,0.468596
8,NSGA-III,180,11,0.624562,0.469243
8,NSGA-III,190,12,0.639985,0.480830
8,NSGA-III,200,12,0.639985,0.480830
8,NSGA-III,210,18,0.646634,0.485826
8,NSGA-III,220,22,0.649252,0.487792
8,NSGA-III,230,8,0.679203,0.510295
8,NSGA-III,240,9,0.691934,0.519860
8,NSGA-III,250,10,0.692656,0.520403
8,NSGA-III,260,5,0.767210,0.576416
8,NSGA-III,270,6,0.777178,0.583906
8,NSGA-III,280,13,0.815875,0.612979
8,NSGA-III,290,16,0.816213,0.613233
8,NSGA-III,300,9,0.880000,0.661157
8,NSGA-III,310,10,0.949765,0.713572
8,NSGA-III,320,12,0.951511,0.714884
8,NSGA-III,330,12,0.951511,0.714884
8,NSGA-III,340,10,0.970068,0.728826
8,NSGA-III,350,13,0.971174,0.729657
8,NSGA-III,360,14,0.971193,0.729672
8,NSGA-III,370,6,1.050909,0.789563
8,NSGA-III,380,4,1.060603,0.796847
8,NSGA-III,390,6,1.067023,0.801670
8,NSGA-III,400,9,1.070135,0.804008
8,NSGA-III,410,5,1.093796,0.821785
8,NSGA-III,420,5,1.093796,0.821785
8,NSGA-III,430,6,1.105756,0.830771
8,NSGA-III,440,5,1.113123,0.836305
8,NSGA-III,450,6,1.113239,0.836393
8,NSGA-III,460,8,1.119051,0.840760
8,NSGA-III,470,8,1.119051,0.840760
8,NSGA-III,480,8,1.119051,0.840760
8,NSGA-III,490,9,1.119127,0.840817
8,NSGA-III,500,11,1.152530,0.865913
9,MOGWO,10,27,0.000000,0.000000
9,MOGWO,20,32,0.000000,0.000000
9,MOGWO,30,34,0.000000,0.000000
9,MOGWO,40,34,0.000000,0.000000
9,MOGWO,50,28,0.000000,0.000000
9,MOGWO,60,22,0.000000,0.000000
9,MOGWO,70,18,0.000000,0.000000
9,MOGWO,80,19,0.000000,0.000000
9,MOGWO,90,25,0.000000,0.000000
9,MOGWO,100,29,0.000000,0.000000
9,MOGWO,110,29,0.000000,0.000000
9,MOGWO,120,30,0.000000,0.000000
9,MOGWO,130,25,0.000000,0.000000
9,MOGWO,140,25,0.000000,0.000000
9,MOGWO,150,20,0.000000,0.000000
9,MOGWO,160,23,0.000000,0.000000
9,MOGWO,170,18,0.002325,0.001747
9,MOGWO,180,18,0.017558,0.013192
9,MOGWO,190,27,0.018053,0.013563
9,MOGWO,200,26,0.040081,0.030113
9,MOGWO,210,23,0.042531,0.031954
9,MOGWO,220,22,0.046374,0.034842
9,MOGWO,230,17,0.064070,0.048137
9,MOGWO,240,14,0.076872,0.057755
9,MOGWO,250,16,0.082062,0.061654
9,MOGWO,260,21,0.085611,0.064321
9,MOGWO,270,19,0.098047,0.073664
9,MOGWO,280,19,0.100372,0.075411
9,MOGWO,290,18,0.113890,0.085568
9,MOGWO,300,20,0.114895,0.086322
9,MOGWO,310,17,0.115468,0.086753
9,MOGWO,320,20,0.115953,0.087117
9,MOGWO,330,15,0.118682,0.089168
9,MOGWO,340,11,0.129292,0.097139
9,MOGWO,350,13,0.129984,0.097659
9,MOGWO,360,15,0.132541,0.099580
9,MOGWO,370,10,0.149578,0.112380
9,MOGWO,380,11,0.154955,0.116420
9,MOGWO,390,10,0.155377,0.116737
9,MOGWO,400,10,0.155407,0.116759
9,MOGWO,410,10,0.155407,0.116759
9,MOGWO,420,11,0.170089,0.127790
9,MOGWO,430,12,0.170108,0.127804
9,MOGWO,440,12,0.170108,0.127804
9,MOGWO,450,12,0.170108,0.127804
9,MOGWO,460,12,0.170108,0.127804
9,MOGWO,470,12,0.170115,0.127810
9,MOGWO,480,10,0.170386,0.128013
9,MOGWO,490,10,0.170386,0.128013
9,MOGWO,500,10,0.170386,0.128013
9,NSGA-II,10,30,0.000000,0.000000
9,NSGA-II,20,30,0.000000,0.000000
9,NSGA-II,30,51,0.000000,0.000000
9,NSGA-II,40,28,0.000000,0.000000
9,NSGA-II,50,34,0.000000,0.000000
9,NSGA-II,60,34,0.000000,0.000000
9,NSGA-II,70,27,0.000838,0.000630
9,NSGA-II,80,38,0.005316,0.003994
9,NSGA-II,90,39,0.006773,0.005089
9,NSGA-II,100,32,0.017099,0.012847
9,NSGA-II,110,39,0.018925,0.014219
9,NSGA-II,120,39,0.019562,0.014697
9,NSGA-II,130,37,0.039741,0.029858
9,NSGA-II,140,20,0.040774,0.030634
9,NSGA-II,150,19,0.044717,0.033596
9,NSGA-II,160,20,0.045735,0.034361
9,NSGA-II,170,22,0.063843,0.047966
9,NSGA-II,180,28,0.069791,0.052435
9,NSGA-II,190,35,0.070382,0.052879
9,NSGA-II,200,26,0.114727,0.086196
9,NSGA-II,210,21,0.114833,0.086276
9,NSGA-II,220,24,0.115295,0.086623
9,NSGA-II,230,30,0.123114,0.092498
9,NSGA-II,240,31,0.129924,0.097614
9,NSGA-II,250,33,0.171835,0.129102
9,NSGA-II,260,33,0.181607,0.136444
9,NSGA-II,270,34,0.190211,0.142908
9,NSGA-II,280,41,0.194067,0.145805
9,NSGA-II,290,24,0.202424,0.152084
9,NSGA-II,300,25,0.202427,0.152086
9,NSGA-II,310,18,0.203249,0.152704
9,NSGA-II,320,21,0.204387,0.153559
9,NSGA-II,330,24,0.219892,0.165208
9,NSGA-II,340,27,0.221625,0.166510
9,NSGA-II,350,28,0.221722,0.166583
9,NSGA-II,360,29,0.231508,0.173935
9,NSGA-II,370,28,0.249649,0.187565
9,NSGA-II,380,22,0.263939,0.198301
9,NSGA-II,390,22,0.264425,0.198666
9,NSGA-II,400,22,0.264901,0.199024
9,NSGA-II,410,17,0.269982,0.202841
9,NSGA-II,420,15,0.409921,0.307979
9,NSGA-II,430,19,0.409947,0.307999
9,NSGA-II,440,13,0.416208,0.312704
9,NSGA-II,450,13,0.416208,0.312704
9,NSGA-II,460,13,0.418033,0.314075
9,NSGA-II,470,13,0.418033,0.314075
9,NSGA-II,480,16,0.419972,0.315531
9,NSGA-II,490,17,0.465218,0.349525
9,NSGA-II,500,17,0.468505,0.351994
9,NSGA-III,10,29,0.000000,0.000000
9,NSGA-III,20,16,0.000000,0.000000
9,NSGA-III,30,25,0.000000,0.000000
9,NSGA-III,40,27,0.000000,0.000000
9,NSGA-III,50,23,0.000000,0.000000
9,NSGA-III,60,26,0.000000,0.000000
9,NSGA-III,70,31,0.033779,0.025379
9,NSGA-III,80,36,0.034306,0.025774
9,NSGA-III,90,43,0.036506,0.027428
9,NSGA-III,100,35,0.040227,0.030223
9,NSGA-III,110,34,0.053496,0.040192
9,NSGA-III,120,13,0.054928,0.041269
9,NSGA-III,130,14,0.054954,0.041288
9,NSGA-III,140,17,0.055278,0.041531
9,NSGA-III,150,19,0.055418,0.041637
9,NSGA-III,160,19,0.075503,0.056727
9,NSGA-III,170,25,0.075802,0.056951
9,NSGA-III,180,29,0.076500,0.057476
9,NSGA-III,190,28,0.076718,0.057640
9,NSGA-III,200,32,0.077341,0.058107
9,NSGA-III,210,35,0.128934,0.096870
9,NSGA-III,220,24,0.216261,0.162480
9,NSGA-III,230,29,0.231082,0.173615
9,NSGA-III,240,26,0.325738,0.244732
9,NSGA-III,250,22,0.330130,0.248032
9,NSGA-III,260,24,0.333124,0.250281
9,NSGA-III,270,31,0.346900,0.260631
9,NSGA-III,280,22,0.518713,0.389717
9,NSGA-III,290,25,0.522710,0.392720
9,NSGA-III,300,25,0.527157,0.396061
9,NSGA-III,310,29,0.530843,0.398830
9,NSGA-III,320,34,0.536113,0.402789
9,NSGA-III,330,40,0.536725,0.403249
9,NSGA-III,340,39,0.559209,0.420142
9,NSGA-III,350,42,0.559340,0.420240
9,NSGA-III,360,45,0.562064,0.422287
9,NSGA-III,370,33,0.567560,0.426417
9,NSGA-III,380,32,0.570853,0.428890
9,NSGA-III,390,30,0.570996,0.428997
9,NSGA-III,400,34,0.571105,0.429080
9,NSGA-III,410,33,0.596758,0.448353
9,NSGA-III,420,32,0.597116,0.448622
9,NSGA-III,430,34,0.599511,0.450422
9,NSGA-III,440,36,0.604529,0.454191
9,NSGA-III,450,36,0.611049,0.459090
9,NSGA-III,460,36,0.663696,0.498644
9,NSGA-III,470,35,0.664849,0.499511
9,NSGA-III,480,38,0.680186,0.511034
9,NSGA-III,490,41,0.700924,0.526615
9,NSGA-III,500,44,0.707012,0.531188
10,MOGWO,10,24,0.013627,0.010239
10,MOGWO,20,33,0.028338,0.021290
10,MOGWO,30,35,0.029807,0.022395
10,MOGWO,40,32,0.030858,0.023184
10,MOGWO,50,28,0.032160,0.024162
10,MOGWO,60,32,0.046726,0.035106
10,MOGWO,70,34,0.057346,0.043085
10,MOGWO,80,31,0.060335,0.045330
10,MOGWO,90,33,0.061032,0.045854
10,MOGWO,100,33,0.062279,0.046791
10,MOGWO,110,38,0.062466,0.046932
10,MOGWO,120,34,0.064730,0.048633
10,MOGWO,130,48,0.065569,0.049263
10,MOGWO,140,36,0.067875,0.050995
10,MOGWO,150,38,0.070833,0.053218
10,MOGWO,160,31,0.073523,0.055239
10,MOGWO,170,30,0.085447,0.064197
10,MOGWO,180,36,0.086602,0.065065
10,MOGWO,190,38,0.090386,0.067908
10,MOGWO,200,44,0.093954,0.070589
10,MOGWO,210,47,0.109128,0.081989
10,MOGWO,220,46,0.111477,0.083754
10,MOGWO,230,49,0.121439,0.091239
10,MOGWO,240,63,0.126281,0.094877
10,MOGWO,250,70,0.132532,0.099573
10,MOGWO,260,76,0.140255,0.105376
10,MOGWO,270,60,0.142836,0.107315
10,MOGWO,280,78,0.146926,0.110388
10,MOGWO,290,76,0.150538,0.113102
10,MOGWO,300,80,0.150917,0.113387
10,MOGWO,310,87,0.159646,0.119944
10,MOGWO,320,94,0.160182,0.120347
10,MOGWO,330,81,0.161545,0.121371
10,MOGWO,340,88,0.164309,0.123448
10,MOGWO,350,76,0.166980,0.125455
10,MOGWO,360,73,0.167378,0.125753
10,MOGWO,370,75,0.167843,0.126103
10,MOGWO,380,76,0.168320,0.126461
10,MOGWO,390,77,0.176362,0.132504
10,MOGWO,400,82,0.181900,0.136664
10,MOGWO,410,83,0.183584,0.137929
10,MOGWO,420,79,0.184341,0.138498
10,MOGWO,430,84,0.184414,0.138553
10,MOGWO,440,84,0.198647,0.149247
10,MOGWO,450,75,0.209594,0.157471
10,MOGWO,460,83,0.214430,0.161105
10,MOGWO,470,88,0.220023,0.165307
10,MOGWO,480,92,0.222317,0.167030
10,MOGWO,490,87,0.226291,0.170016
10,MOGWO,500,93,0.226516,0.170185
10,NSGA-II,10,30,0.038939,0.029255
10,NSGA-II,20,24,0.055448,0.041659
10,NSGA-II,30,24,0.062048,0.046617
10,NSGA-II,40,28,0.076234,0.057276
10,NSGA-II,50,26,0.077803,0.058454
10,NSGA-II,60,29,0.079744,0.059913
10,NSGA-II,70,32,0.080612,0.060565
10,NSGA-II,80,34,0.082368,0.061885
10,NSGA-II,90,32,0.083150,0.062472
10,NSGA-II,100,32,0.088939,0.066821
10,NSGA-II,110,33,0.092335,0.069372
10,NSGA-II,120,40,0.093110,0.069955
10,NSGA-II,130,48,0.100116,0.075218
10,NSGA-II,140,41,0.102296,0.076856
10,NSGA-II,150,47,0.116261,0.087349
10,NSGA-II,160,51,0.116329,0.087400
10,NSGA-II,170,52,0.117193,0.088049
10,NSGA-II,180,58,0.124230,0.093336
10,NSGA-II,190,54,0.137172,0.103059
10,NSGA-II,200,58,0.143584,0.107877
10,NSGA-II,210,60,0.199417,0.149825
10,NSGA-II,220,54,0.246356,0.185091
10,NSGA-II,230,62,0.274728,0.206407
10,NSGA-II,240,55,0.287301,0.215854
10,NSGA-II,250,32,0.495753,0.372467
10,NSGA-II,260,36,0.507763,0.381490
10,NSGA-II,270,44,0.509885,0.383084
10,NSGA-II,280,51,0.510985,0.383911
10,NSGA-II,290,53,0.514099,0.386250
10,NSGA-II,300,30,0.518459,0.389526
10,NSGA-II,310,29,0.518932,0.389881
10,NSGA-II,320,34,0.553907,0.416159
10,NSGA-II,330,37,0.601870,0.452194
10,NSGA-II,340,35,0.602457,0.452635
10,NSGA-II,350,38,0.607741,0.456605
10,NSGA-II,360,45,0.609518,0.457940
10,NSGA-II,370,47,0.648041,0.486883
10,NSGA-II,380,34,0.710343,0.533691
10,NSGA-II,390,31,0.746276,0.560688
10,NSGA-II,400,32,0.746699,0.561006
10,NSGA-II,410,20,0.747613,0.561693
10,NSGA-II,420,18,0.771432,0.579588
10,NSGA-II,430,19,0.778448,0.584859
10,NSGA-II,440,15,0.805487,0.605174
10,NSGA-II,450,20,0.850125,0.638711
10,NSGA-II,460,22,0.871361,0.654667
10,NSGA-II,470,10,1.076629,0.808888
10,NSGA-II,480,11,1.076909,0.809098
10,NSGA-II,490,11,1.076909,0.809098
10,NSGA-II,500,14,1.078968,0.810644
10,NSGA-III,10,23,0.031909,0.023974
10,NSGA-III,20,18,0.052093,0.039138
10,NSGA-III,30,44,0.060024,0.045097
10,NSGA-III,40,31,0.069089,0.051908
10,NSGA-III,50,38,0.070859,0.053237
10,NSGA-III,60,33,0.078843,0.059236
10,NSGA-III,70,36,0.081656,0.061349
10,NSGA-III,80,13,0.087540,0.065770
10,NSGA-III,90,19,0.094996,0.071372
10,NSGA-III,100,10,0.188358,0.141516
10,NSGA-III,110,14,0.194265,0.145954
10,NSGA-III,120,15,0.215827,0.162154
10,NSGA-III,130,10,0.258916,0.194528
10,NSGA-III,140,15,0.259480,0.194951
10,NSGA-III,150,19,0.279683,0.210130
10,NSGA-III,160,26,0.332906,0.250117
10,NSGA-III,170,24,0.355025,0.266736
10,NSGA-III,180,27,0.357230,0.268392
10,NSGA-III,190,28,0.358934,0.269672
10,NSGA-III,200,25,0.366691,0.275501
10,NSGA-III,210,26,0.419281,0.315012
10,NSGA-III,220,27,0.433489,0.325687
10,NSGA-III,230,26,0.433989,0.326062
10,NSGA-III,240,31,0.467270,0.351067
10,NSGA-III,250,39,0.469899,0.353042
10,NSGA-III,260,30,0.477560,0.358798
10,NSGA-III,270,21,0.581391,0.436808
10,NSGA-III,280,20,0.581496,0.436886
10,NSGA-III,290,20,0.622413,0.467628
10,NSGA-III,300,23,0.623524,0.468463
10,NSGA-III,310,27,0.623723,0.468612
10,NSGA-III,320,20,0.661438,0.496948
10,NSGA-III,330,22,0.664563,0.499296
10,NSGA-III,340,21,0.700994,0.526667
10,NSGA-III,350,23,0.723151,0.543314
10,NSGA-III,360,25,0.757239,0.568925
10,NSGA-III,370,24,0.761736,0.572304
10,NSGA-III,380,26,0.797976,0.599531
10,NSGA-III,390,10,0.922269,0.692914
10,NSGA-III,400,12,0.922403,0.693015
10,NSGA-III,410,14,0.922410,0.693020
10,NSGA-III,420,12,0.973797,0.731628
10,NSGA-III,430,4,1.096531,0.823840
10,NSGA-III,440,5,1.117011,0.839227
10,NSGA-III,450,6,1.117050,0.839256
10,NSGA-III,460,8,1.117480,0.839579
10,NSGA-III,470,8,1.117480,0.839579
10,NSGA-III,480,10,1.146994,0.861754
10,NSGA-III,490,11,1.155634,0.868245
10,NSGA-III,500,13,1.158645,0.870507
11,MOGWO,10,27,0.020879,0.015687
11,MOGWO,20,32,0.032896,0.024716
11,MOGWO,30,41,0.033274,0.024999
11,MOGWO,40,50,0.033337,0.025047
11,MOGWO,50,44,0.034900,0.026221
11,MOGWO,60,39,0.040851,0.030692
11,MOGWO,70,22,0.043313,0.032541
11,MOGWO,80,21,0.043474,0.032663
11,MOGWO,90,17,0.045407,0.034115
11,MOGWO,100,26,0.045662,0.034306
11,MOGWO,110,29,0.048634,0.036540
11,MOGWO,120,34,0.048676,0.036571
11,MOGWO,130,20,0.052456,0.039411
11,MOGWO,140,22,0.052456,0.039411
11,MOGWO,150,24,0.053550,0.040233
11,MOGWO,160,26,0.060715,0.045616
11,MOGWO,170,34,0.063218,0.047496
11,MOGWO,180,34,0.065407,0.049141
11,MOGWO,190,31,0.102314,0.076870
11,MOGWO,200,34,0.104284,0.078350
11,MOGWO,210,36,0.106690,0.080158
11,MOGWO,220,44,0.112781,0.084734
11,MOGWO,230,26,0.159192,0.119604
11,MOGWO,240,33,0.228006,0.171304
11,MOGWO,250,26,0.308412,0.231714
11,MOGWO,260,35,0.322060,0.241969
11,MOGWO,270,36,0.331506,0.249065
11,MOGWO,280,33,0.339608,0.255153
11,MOGWO,290,38,0.353425,0.265534
11,MOGWO,300,33,0.395908,0.297451
11,MOGWO,310,41,0.417627,0.313769
11,MOGWO,320,55,0.431197,0.323965
11,MOGWO,330,52,0.439376,0.330110
11,MOGWO,340,50,0.446054,0.335127
11,MOGWO,350,56,0.448654,0.337080
11,MOGWO,360,57,0.449296,0.337563
11,MOGWO,370,58,0.453926,0.341041
11,MOGWO,380,64,0.470692,0.353638
11,MOGWO,390,63,0.470986,0.353858
11,MOGWO,400,66,0.472663,0.355119
11,MOGWO,410,46,0.522557,0.392605
11,MOGWO,420,50,0.526299,0.395416
11,MOGWO,430,33,0.552275,0.414932
11,MOGWO,440,29,0.560337,0.420990
11,MOGWO,450,30,0.560342,0.420993
11,MOGWO,460,30,0.560687,0.421253
11,MOGWO,470,31,0.562667,0.422740
11,MOGWO,480,40,0.570426,0.428569
11,MOGWO,490,44,0.571249,0.429187
11,MOGWO,500,39,0.575879,0.432666
11,NSGA-II,10,25,0.049917,0.037503
11,NSGA-II,20,21,0.074400,0.055898
11,NSGA-II,30,31,0.076269,0.057302
11,NSGA-II,40,21,0.077332,0.058101
11,NSGA-II,50,33,0.082630,0.062081
11,NSGA-II,60,37,0.083391,0.062653
11,NSGA-II,70,42,0.083984,0.063098
11,NSGA-II,80,31,0.092625,0.069591
11,NSGA-II,90,33,0.094315,0.070860
11,NSGA-II,100,36,0.095476,0.071732
11,NSGA-II,110,37,0.099228,0.074552
11,NSGA-II,120,44,0.102654,0.077125
11,NSGA-II,130,39,0.103234,0.077561
11,NSGA-II,140,26,0.106358,0.079908
11,NSGA-II,150,22,0.175426,0.131800
11,NSGA-II,160,29,0.225846,0.169681
11,NSGA-II,170,8,0.394070,0.296071
11,NSGA-II,180,12,0.405897,0.304956
11,NSGA-II,190,13,0.564729,0.424289
11,NSGA-II,200,18,0.605634,0.455022
11,NSGA-II,210,8,0.717785,0.539283
11,NSGA-II,220,13,0.723964,0.543925
11,NSGA-II,230,12,0.724008,0.543958
11,NSGA-II,240,11,0.731860,0.549857
11,NSGA-II,250,13,0.731948,0.549923
11,NSGA-II,260,11,0.732258,0.550156
11,NSGA-II,270,8,0.733439,0.551044
11,NSGA-II,280,11,0.733877,0.551372
11,NSGA-II,290,13,0.734117,0.551553
11,NSGA-II,300,16,0.771571,0.579693
11,NSGA-II,310,13,0.774121,0.581609
11,NSGA-II,320,17,0.791970,0.595019
11,NSGA-II,330,18,0.792276,0.595248
11,NSGA-II,340,20,0.799675,0.600808
11,NSGA-II,350,22,0.800380,0.601337
11,NSGA-II,360,24,0.806298,0.605784
11,NSGA-II,370,21,0.886497,0.666038
11,NSGA-II,380,20,0.886933,0.666366
11,NSGA-II,390,20,0.886989,0.666408
11,NSGA-II,400,17,0.896542,0.673586
11,NSGA-II,410,18,0.896552,0.673592
11,NSGA-II,420,20,0.904434,0.679515
11,NSGA-II,430,22,0.905028,0.679961
11,NSGA-II,440,27,0.951581,0.714937
11,NSGA-II,450,25,0.952726,0.715797
11,NSGA-II,460,23,0.954592,0.717199
11,NSGA-II,470,21,0.962718,0.723305
11,NSGA-II,480,25,1.030292,0.774074
11,NSGA-II,490,29,1.035373,0.777891
11,NSGA-II,500,35,1.044956,0.785091
11,NSGA-III,10,23,0.039813,0.029912
11,NSGA-III,20,31,0.051286,0.038532
11,NSGA-III,30,30,0.055167,0.041448
11,NSGA-III,40,35,0.067045,0.050372
11,NSGA-III,50,39,0.082483,0.061971
11,NSGA-III,60,35,0.084166,0.063235
11,NSGA-III,70,35,0.087477,0.065723
11,NSGA-III,80,42,0.095401,0.071676
11,NSGA-III,90,46,0.095820,0.071991
11,NSGA-III,100,54,0.101649,0.076370
11,NSGA-III,110,46,0.102822,0.077252
11,NSGA-III,120,34,0.104917,0.078826
11,NSGA-III,130,28,0.105179,0.079023
11,NSGA-III,140,28,0.105179,0.079023
11,NSGA-III,150,31,0.105650,0.079376
11,NSGA-III,160,35,0.106074,0.079695
11,NSGA-III,170,27,0.107652,0.080881
11,NSGA-III,180,25,0.114516,0.086037
11,NSGA-III,190,26,0.114695,0.086172
11,NSGA-III,200,32,0.115438,0.086730
11,NSGA-III,210,35,0.115670,0.086905
11,NSGA-III,220,37,0.118010,0.088662
11,NSGA-III,230,45,0.118233,0.088830
11,NSGA-III,240,39,0.124536,0.093566
11,NSGA-III,250,40,0.124758,0.093732
11,NSGA-III,260,40,0.126188,0.094807
11,NSGA-III,270,37,0.126640,0.095146
11,NSGA-III,280,30,0.129812,0.097529
11,NSGA-III,290,36,0.131643,0.098906
11,NSGA-III,300,31,0.135688,0.101944
11,NSGA-III,310,37,0.154606,0.116158
11,NSGA-III,320,40,0.154642,0.116185
11,NSGA-III,330,41,0.154664,0.116201
11,NSGA-III,340,48,0.161225,0.121131
11,NSGA-III,350,52,0.170197,0.127872
11,NSGA-III,360,54,0.173216,0.130140
11,NSGA-III,370,41,0.192198,0.144401
11,NSGA-III,380,41,0.203268,0.152718
11,NSGA-III,390,38,0.211378,0.158811
11,NSGA-III,400,39,0.218525,0.164181
11,NSGA-III,410,35,0.218927,0.164483
11,NSGA-III,420,36,0.222431,0.167116
11,NSGA-III,430,38,0.224311,0.168528
11,NSGA-III,440,38,0.228907,0.171981
11,NSGA-III,450,37,0.228918,0.171990
11,NSGA-III,460,38,0.230026,0.172822
11,NSGA-III,470,39,0.230521,0.173194
11,NSGA-III,480,40,0.232610,0.174763
11,NSGA-III,490,37,0.240789,0.180908
11,NSGA-III,500,31,0.245236,0.184250
12,MOGWO,10,26,0.000000,0.000000
12,MOGWO,20,22,0.000000,0.000000
12,MOGWO,30,23,0.000000,0.000000
12,MOGWO,40,25,0.000000,0.000000
12,MOGWO,50,28,0.000000,0.000000
12,MOGWO,60,35,0.000000,0.000000
12,MOGWO,70,35,0.000000,0.000000
12,MOGWO,80,32,0.000000,0.000000
12,MOGWO,90,33,0.000000,0.000000
12,MOGWO,100,35,0.000000,0.000000
12,MOGWO,110,38,0.000000,0.000000
12,MOGWO,120,39,0.000000,0.000000
12,MOGWO,130,40,0.000000,0.000000
12,MOGWO,140,29,0.000000,0.000000
12,MOGWO,150,26,0.000000,0.000000
12,MOGWO,160,29,0.000000,0.000000
12,MOGWO,170,28,0.000000,0.000000
12,MOGWO,180,30,0.000000,0.000000
12,MOGWO,190,32,0.000000,0.000000
12,MOGWO,200,31,0.000000,0.000000
12,MOGWO,210,40,0.000000,0.000000
12,MOGWO,220,46,0.009544,0.007170
12,MOGWO,230,30,0.016844,0.012655
12,MOGWO,240,44,0.020017,0.015039
12,MOGWO,250,51,0.029235,0.021965
12,MOGWO,260,59,0.029235,0.021965
12,MOGWO,270,51,0.029618,0.022253
12,MOGWO,280,49,0.032796,0.024640
12,MOGWO,290,54,0.040443,0.030385
12,MOGWO,300,63,0.041388,0.031095
12,MOGWO,310,74,0.046022,0.034577
12,MOGWO,320,70,0.060223,0.045246
12,MOGWO,330,73,0.063273,0.047538
12,MOGWO,340,78,0.070787,0.053183
12,MOGWO,350,81,0.072447,0.054431
12,MOGWO,360,73,0.073195,0.054993
12,MOGWO,370,68,0.073916,0.055534
12,MOGWO,380,50,0.077601,0.058302
12,MOGWO,390,60,0.081474,0.061213
12,MOGWO,400,75,0.082680,0.062119
12,MOGWO,410,94,0.083462,0.062706
12,MOGWO,420,97,0.083989,0.063102
12,MOGWO,430,96,0.087863,0.066013
12,MOGWO,440,85,0.095622,0.071842
12,MOGWO,450,87,0.104271,0.078340
12,MOGWO,460,85,0.107488,0.080758
12,MOGWO,470,82,0.108627,0.081613
12,MOGWO,480,87,0.110604,0.083098
12,MOGWO,490,79,0.114283,0.085863
12,MOGWO,500,85,0.114355,0.085917
12,NSGA-II,10,24,0.000000,0.000000
12,NSGA-II,20,28,0.000000,0.000000
12,NSGA-II,30,29,0.000000,0.000000
12,NSGA-II,40,29,0.000000,0.000000
12,NSGA-II,50,28,0.000000,0.000000
12,NSGA-II,60,22,0.000000,0.000000
12,NSGA-II,70,22,0.000000,0.000000
12,NSGA-II,80,23,0.000000,0.000000
12,NSGA-II,90,23,0.000000,0.000000
12,NSGA-II,100,25,0.000000,0.000000
12,NSGA-II,110,23,0.006320,0.004748
12,NSGA-II,120,19,0.006320,0.004748
12,NSGA-II,130,14,0.006320,0.004748
12,NSGA-II,140,16,0.103099,0.077459
12,NSGA-II,150,17,0.103099,0.077459
12,NSGA-II,160,20,0.115047,0.086437
12,NSGA-II,170,20,0.115047,0.086437
12,NSGA-II,180,24,0.115447,0.086737
12,NSGA-II,190,28,0.127920,0.096108
12,NSGA-II,200,15,0.150145,0.112806
12,NSGA-II,210,19,0.251463,0.188928
12,NSGA-II,220,21,0.256121,0.192427
12,NSGA-II,230,22,0.271657,0.204100
12,NSGA-II,240,17,0.278738,0.209420
12,NSGA-II,250,19,0.283076,0.212679
12,NSGA-II,260,17,0.320552,0.240836
12,NSGA-II,270,14,0.448552,0.337004
12,NSGA-II,280,8,0.457182,0.343487
12,NSGA-II,290,7,0.459665,0.345353
12,NSGA-II,300,9,0.460541,0.346012
12,NSGA-II,310,12,0.616647,0.463296
12,NSGA-II,320,13,0.616756,0.463378
12,NSGA-II,330,14,0.674423,0.506704
12,NSGA-II,340,18,0.697204,0.523820
12,NSGA-II,350,20,0.714939,0.537144
12,NSGA-II,360,20,0.807031,0.606335
12,NSGA-II,370,19,0.868557,0.652560
12,NSGA-II,380,6,0.972553,0.730693
12,NSGA-II,390,6,1.032117,0.775445
12,NSGA-II,400,6,1.069136,0.803257
12,NSGA-II,410,7,1.096949,0.824154
12,NSGA-II,420,8,1.118188,0.840111
12,NSGA-II,430,4,1.220121,0.916695
12,NSGA-II,440,5,1.220978,0.917339
12,NSGA-II,450,5,1.220978,0.917339
12,NSGA-II,460,4,1.229207,0.923522
12,NSGA-II,470,6,1.268555,0.953084
12,NSGA-II,480,9,1.293063,0.971497
12,NSGA-II,490,12,1.303372,0.979242
12,NSGA-II,500,12,1.304140,0.979819
12,NSGA-III,10,19,0.000000,0.000000
12,NSGA-III,20,21,0.000000,0.000000
12,NSGA-III,30,21,0.000000,0.000000
12,NSGA-III,40,25,0.000000,0.000000
12,NSGA-III,50,31,0.000000,0.000000
12,NSGA-III,60,17,0.000000,0.000000
12,NSGA-III,70,15,0.000000,0.000000
12,NSGA-III,80,17,0.000000,0.000000
12,NSGA-III,90,17,0.000000,0.000000
12,NSGA-III,100,23,0.000000,0.000000
12,NSGA-III,110,33,0.004378,0.003289
12,NSGA-III,120,30,0.004378,0.003289
12,NSGA-III,130,33,0.011368,0.008541
12,NSGA-III,140,32,0.011368,0.008541
12,NSGA-III,150,26,0.011368,0.008541
12,NSGA-III,160,18,0.011368,0.008541
12,NSGA-III,170,21,0.019397,0.014573
12,NSGA-III,180,29,0.035356,0.026563
12,NSGA-III,190,29,0.120082,0.090219
12,NSGA-III,200,21,0.128028,0.096190
12,NSGA-III,210,19,0.128527,0.096564
12,NSGA-III,220,19,0.128527,0.096564
12,NSGA-III,230,19,0.129769,0.097498
12,NSGA-III,240,20,0.131570,0.098850
12,NSGA-III,250,20,0.132204,0.099327
12,NSGA-III,260,18,0.146400,0.109993
12,NSGA-III,270,22,0.147007,0.110448
12,NSGA-III,280,26,0.147101,0.110519
12,NSGA-III,290,28,0.149266,0.112146
12,NSGA-III,300,21,0.168796,0.126819
12,NSGA-III,310,19,0.243971,0.183299
12,NSGA-III,320,19,0.244900,0.183997
12,NSGA-III,330,23,0.265253,0.199288
12,NSGA-III,340,22,0.283690,0.213141
12,NSGA-III,350,22,0.305045,0.229185
12,NSGA-III,360,21,0.314774,0.236494
12,NSGA-III,370,17,0.320160,0.240541
12,NSGA-III,380,20,0.320820,0.241037
12,NSGA-III,390,14,0.363241,0.272908
12,NSGA-III,400,11,0.381400,0.286551
12,NSGA-III,410,12,0.427621,0.321278
12,NSGA-III,420,11,0.443774,0.333414
12,NSGA-III,430,9,0.451879,0.339503
12,NSGA-III,440,8,0.461883,0.347020
12,NSGA-III,450,8,0.465140,0.349467
12,NSGA-III,460,7,0.467050,0.350902
12,NSGA-III,470,8,0.480091,0.360700
12,NSGA-III,480,9,0.480151,0.360745
12,NSGA-III,490,11,0.483149,0.362997
12,NSGA-III,500,15,0.520964,0.391408
13,MOGWO,10,20,0.000000,0.000000
13,MOGWO,20,28,0.000000,0.000000
13,MOGWO,30,13,0.000000,0.000000
13,MOGWO,40,16,0.000000,0.000000
13,MOGWO,50,24,0.000000,0.000000
13,MOGWO,60,28,0.000000,0.000000
13,MOGWO,70,42,0.000000,0.000000
13,MOGWO,80,53,0.000000,0.000000
13,MOGWO,90,50,0.000000,0.000000
13,MOGWO,100,51,0.000000,0.000000
13,MOGWO,110,53,0.000000,0.000000
13,MOGWO,120,28,0.000000,0.000000
13,MOGWO,130,30,0.000000,0.000000
13,MOGWO,140,31,0.000000,0.000000
13,MOGWO,150,16,0.000000,0.000000
13,MOGWO,160,19,0.000163,0.000122
13,MOGWO,170,29,0.048387,0.036354
13,MOGWO,180,21,0.062437,0.046910
13,MOGWO,190,24,0.082147,0.061718
13,MOGWO,200,36,0.095159,0.071495
13,MOGWO,210,48,0.097943,0.073586
13,MOGWO,220,28,0.120813,0.090769
13,MOGWO,230,31,0.168558,0.126640
13,MOGWO,240,41,0.242314,0.182054
13,MOGWO,250,42,0.251197,0.188728
13,MOGWO,260,51,0.264862,0.198994
13,MOGWO,270,53,0.271808,0.204213
13,MOGWO,280,52,0.273512,0.205494
13,MOGWO,290,60,0.288255,0.216571
13,MOGWO,300,50,0.307379,0.230938
13,MOGWO,310,51,0.307786,0.231244
13,MOGWO,320,54,0.311883,0.234322
13,MOGWO,330,47,0.313029,0.235183
13,MOGWO,340,51,0.314920,0.236604
13,MOGWO,350,56,0.315036,0.236691
13,MOGWO,360,54,0.315430,0.236988
13,MOGWO,370,56,0.318114,0.239004
13,MOGWO,380,55,0.318227,0.239089
13,MOGWO,390,71,0.319933,0.240370
13,MOGWO,400,75,0.323719,0.243215
13,MOGWO,410,74,0.328956,0.247150
13,MOGWO,420,75,0.329569,0.247610
13,MOGWO,430,76,0.330429,0.248256
13,MOGWO,440,83,0.332272,0.249641
13,MOGWO,450,78,0.332734,0.249988
13,MOGWO,460,83,0.332910,0.250121
13,MOGWO,470,88,0.332985,0.250176
13,MOGWO,480,94,0.333086,0.250252
13,MOGWO,490,92,0.335830,0.252314
13,MOGWO,500,94,0.335835,0.252318
13,NSGA-II,10,21,0.000000,0.000000
13,NSGA-II,20,28,0.000000,0.000000
13,NSGA-II,30,30,0.000000,0.000000
13,NSGA-II,40,29,0.004266,0.003205
13,NSGA-II,50,21,0.024974,0.018764
13,NSGA-II,60,24,0.049260,0.037010
13,NSGA-II,70,18,0.049427,0.037135
13,NSGA-II,80,13,0.051940,0.039023
13,NSGA-II,90,25,0.070728,0.053139
13,NSGA-II,100,17,0.310052,0.232946
13,NSGA-II,110,10,0.328589,0.246874
13,NSGA-II,120,12,0.367018,0.275746
13,NSGA-II,130,14,0.371552,0.279152
13,NSGA-II,140,8,0.542169,0.407339
13,NSGA-II,150,9,0.553078,0.415535
13,NSGA-II,160,11,0.628765,0.472400
13,NSGA-II,170,14,0.629028,0.472598
13,NSGA-II,180,15,0.629983,0.473316
13,NSGA-II,190,18,0.632636,0.475309
13,NSGA-II,200,20,0.639121,0.480181
13,NSGA-II,210,18,0.640980,0.481578
13,NSGA-II,220,19,0.640982,0.481579
13,NSGA-II,230,24,0.650750,0.488918
13,NSGA-II,240,25,0.655927,0.492807
13,NSGA-II,250,26,0.670088,0.503447
13,NSGA-II,260,21,0.682391,0.512690
13,NSGA-II,270,21,0.682404,0.512700
13,NSGA-II,280,17,0.698503,0.524795
13,NSGA-II,290,17,0.961808,0.722621
13,NSGA-II,300,18,0.965256,0.725211
13,NSGA-II,310,18,0.969582,0.728462
13,NSGA-II,320,19,0.969613,0.728484
13,NSGA-II,330,21,0.979564,0.735961
13,NSGA-II,340,20,0.987506,0.741928
13,NSGA-II,350,20,0.987506,0.741928
13,NSGA-II,360,20,0.987666,0.742048
13,NSGA-II,370,19,1.005368,0.755348
13,NSGA-II,380,19,1.006014,0.755833
13,NSGA-II,390,19,1.006043,0.755855
13,NSGA-II,400,19,1.006187,0.755963
13,NSGA-II,410,19,1.006187,0.755963
13,NSGA-II,420,19,1.009226,0.758247
13,NSGA-II,430,16,1.009879,0.758737
13,NSGA-II,440,17,1.010030,0.758850
13,NSGA-II,450,13,1.013642,0.761565
13,NSGA-II,460,13,1.015611,0.763044
13,NSGA-II,470,15,1.016455,0.763677
13,NSGA-II,480,15,1.016631,0.763810
13,NSGA-II,490,16,1.016643,0.763819
13,NSGA-II,500,18,1.016780,0.763922
13,NSGA-III,10,35,0.000000,0.000000
13,NSGA-III,20,42,0.014262,0.010715
13,NSGA-III,30,29,0.020548,0.015438
13,NSGA-III,40,37,0.026685,0.020049
13,NSGA-III,50,42,0.034830,0.026168
13,NSGA-III,60,45,0.039219,0.029466
13,NSGA-III,70,33,0.040877,0.030712
13,NSGA-III,80,33,0.053367,0.040095
13,NSGA-III,90,37,0.053697,0.040344
13,NSGA-III,100,43,0.053818,0.040434
13,NSGA-III,110,51,0.054010,0.040579
13,NSGA-III,120,50,0.055084,0.041385
13,NSGA-III,130,40,0.055533,0.041723
13,NSGA-III,140,26,0.067792,0.050933
13,NSGA-III,150,26,0.077827,0.058472
13,NSGA-III,160,28,0.083370,0.062637
13,NSGA-III,170,37,0.084024,0.063128
13,NSGA-III,180,43,0.085030,0.063884
13,NSGA-III,190,43,0.085680,0.064372
13,NSGA-III,200,39,0.090724,0.068162
13,NSGA-III,210,42,0.106663,0.080137
13,NSGA-III,220,35,0.107763,0.080964
13,NSGA-III,230,40,0.108655,0.081634
13,NSGA-III,240,38,0.109083,0.081955
13,NSGA-III,250,37,0.114674,0.086156
13,NSGA-III,260,34,0.115469,0.086753
13,NSGA-III,270,28,0.116677,0.087661
13,NSGA-III,280,27,0.117955,0.088621
13,NSGA-III,290,30,0.118208,0.088812
13,NSGA-III,300,34,0.118309,0.088887
13,NSGA-III,310,32,0.120198,0.090307
13,NSGA-III,320,31,0.120450,0.090496
13,NSGA-III,330,30,0.155294,0.116675
13,NSGA-III,340,30,0.335242,0.251872
13,NSGA-III,350,28,0.335840,0.252322
13,NSGA-III,360,27,0.368654,0.276975
13,NSGA-III,370,29,0.371903,0.279416
13,NSGA-III,380,30,0.371924,0.279432
13,NSGA-III,390,30,0.371961,0.279460
13,NSGA-III,400,32,0.377625,0.283715
13,NSGA-III,410,32,0.387647,0.291245
13,NSGA-III,420,33,0.388258,0.291704
13,NSGA-III,430,37,0.400293,0.300746
13,NSGA-III,440,33,0.459551,0.345267
13,NSGA-III,450,33,0.459551,0.345267
13,NSGA-III,460,33,0.493041,0.370429
13,NSGA-III,470,30,0.511224,0.384090
13,NSGA-III,480,32,0.522946,0.392897
13,NSGA-III,490,33,0.535096,0.402025
13,NSGA-III,500,31,0.535265,0.402152
14,MOGWO,10,18,0.000000,0.000000
14,MOGWO,20,31,0.000000,0.000000
14,MOGWO,30,43,0.000000,0.000000
14,MOGWO,40,35,0.000000,0.000000
14,MOGWO,50,39,0.000000,0.000000
14,MOGWO,60,37,0.000000,0.000000
14,MOGWO,70,30,0.000000,0.000000
14,MOGWO,80,31,0.000000,0.000000
14,MOGWO,90,32,0.000000,0.000000
14,MOGWO,100,37,0.000000,0.000000
14,MOGWO,110,42,0.000000,0.000000
14,MOGWO,120,41,0.000000,0.000000
14,MOGWO,130,38,0.000000,0.000000
14,MOGWO,140,44,0.002413,0.001813
14,MOGWO,150,44,0.002413,0.001813
14,MOGWO,160,38,0.002413,0.001813
14,MOGWO,170,39,0.008827,0.006632
14,MOGWO,180,29,0.008827,0.006632
14,MOGWO,190,23,0.008827,0.006632
14,MOGWO,200,28,0.012224,0.009184
14,MOGWO,210,35,0.032140,0.024148
14,MOGWO,220,34,0.056013,0.042083
14,MOGWO,230,42,0.070078,0.052651
14,MOGWO,240,37,0.073430,0.055169
14,MOGWO,250,33,0.079308,0.059585
14,MOGWO,260,45,0.085676,0.064370
14,MOGWO,270,45,0.089074,0.066923
14,MOGWO,280,37,0.093467,0.070223
14,MOGWO,290,40,0.094055,0.070665
14,MOGWO,300,20,0.111010,0.083404
14,MOGWO,310,24,0.112290,0.084365
14,MOGWO,320,23,0.114445,0.085984
14,MOGWO,330,29,0.124745,0.093723
14,MOGWO,340,32,0.129841,0.097551
14,MOGWO,350,37,0.130121,0.097762
14,MOGWO,360,32,0.132898,0.099848
14,MOGWO,370,36,0.133055,0.099966
14,MOGWO,380,35,0.133251,0.100113
14,MOGWO,390,28,0.145192,0.109085
14,MOGWO,400,31,0.149332,0.112196
14,MOGWO,410,32,0.152242,0.114382
14,MOGWO,420,36,0.152278,0.114409
14,MOGWO,430,38,0.152594,0.114646
14,MOGWO,440,37,0.152942,0.114908
14,MOGWO,450,41,0.154151,0.115816
14,MOGWO,460,46,0.156616,0.117668
14,MOGWO,470,46,0.157427,0.118277
14,MOGWO,480,50,0.157910,0.118640
14,MOGWO,490,56,0.158030,0.118730
14,MOGWO,500,55,0.159524,0.119853
14,NSGA-II,10,25,0.000000,0.000000
14,NSGA-II,20,34,0.000050,0.000038
14,NSGA-II,30,27,0.011093,0.008334
14,NSGA-II,40,26,0.024562,0.018454
14,NSGA-II,50,25,0.035227,0.026467
14,NSGA-II,60,33,0.041454,0.031145
14,NSGA-II,70,39,0.042836,0.032183
14,NSGA-II,80,46,0.063364,0.047606
14,NSGA-II,90,51,0.064878,0.048743
14,NSGA-II,100,38,0.065841,0.049468
14,NSGA-II,110,35,0.067868,0.050990
14,NSGA-II,120,23,0.069201,0.051992
14,NSGA-II,130,30,0.069214,0.052001
14,NSGA-II,140,39,0.069717,0.052380
14,NSGA-II,150,30,0.071419,0.053658
14,NSGA-II,160,39,0.076169,0.057227
14,NSGA-II,170,39,0.086756,0.065181
14,NSGA-II,180,38,0.128791,0.096763
14,NSGA-II,190,43,0.129387,0.097211
14,NSGA-II,200,38,0.132638,0.099653
14,NSGA-II,210,42,0.137774,0.103511
14,NSGA-II,220,31,0.182215,0.136901
14,NSGA-II,230,33,0.184829,0.138865
14,NSGA-II,240,33,0.188180,0.141382
14,NSGA-II,250,39,0.211498,0.158902
14,NSGA-II,260,38,0.214719,0.161321
14,NSGA-II,270,39,0.214726,0.161327
14,NSGA-II,280,44,0.239934,0.180266
14,NSGA-II,290,44,0.244511,0.183705
14,NSGA-II,300,41,0.286893,0.215547
14,NSGA-II,310,34,0.292291,0.219603
14,NSGA-II,320,21,0.331592,0.249130
14,NSGA-II,330,24,0.398684,0.299537
14,NSGA-II,340,32,0.418484,0.314413
14,NSGA-II,350,35,0.418515,0.314436
14,NSGA-II,360,36,0.445811,0.334944
14,NSGA-II,370,28,0.454994,0.341844
14,NSGA-II,380,27,0.476463,0.357973
14,NSGA-II,390,29,0.478505,0.359508
14,NSGA-II,400,25,0.506259,0.380360
14,NSGA-II,410,25,0.516739,0.388234
14,NSGA-II,420,27,0.550429,0.413545
14,NSGA-II,430,30,0.550477,0.413581
14,NSGA-II,440,30,0.551325,0.414219
14,NSGA-II,450,30,0.551325,0.414219
14,NSGA-II,460,28,0.574746,0.431815
14,NSGA-II,470,31,0.576400,0.433058
14,NSGA-II,480,32,0.582322,0.437507
14,NSGA-II,490,31,0.583528,0.438413
14,NSGA-II,500,28,0.587647,0.441508
14,NSGA-III,10,32,0.000000,0.000000
14,NSGA-III,20,25,0.000000,0.000000
14,NSGA-III,30,30,0.002447,0.001838
14,NSGA-III,40,33,0.008707,0.006542
14,NSGA-III,50,17,0.011765,0.008839
14,NSGA-III,60,15,0.074396,0.055895
14,NSGA-III,70,30,0.116726,0.087698
14,NSGA-III,80,19,0.191386,0.143791
14,NSGA-III,90,26,0.208181,0.156409
14,NSGA-III,100,15,0.325576,0.244610
14,NSGA-III,110,19,0.368694,0.277005
14,NSGA-III,120,12,0.451157,0.338961
14,NSGA-III,130,16,0.458970,0.344831
14,NSGA-III,140,19,0.460434,0.345931
14,NSGA-III,150,17,0.484643,0.364120
14,NSGA-III,160,14,0.556196,0.417878
14,NSGA-III,170,20,0.567264,0.426194
14,NSGA-III,180,24,0.574973,0.431986
14,NSGA-III,190,17,0.602090,0.452359
14,NSGA-III,200,19,0.603472,0.453398
14,NSGA-III,210,10,0.682630,0.512870
14,NSGA-III,220,11,0.684350,0.514162
14,NSGA-III,230,8,0.776280,0.583231
14,NSGA-III,240,9,0.808886,0.607728
14,NSGA-III,250,10,0.808891,0.607732
14,NSGA-III,260,8,0.813355,0.611085
14,NSGA-III,270,10,0.861680,0.647393
14,NSGA-III,280,11,0.876856,0.658795
14,NSGA-III,290,9,0.903736,0.678990
14,NSGA-III,300,8,0.909455,0.683287
14,NSGA-III,310,8,0.909455,0.683287
14,NSGA-III,320,9,0.970787,0.729367
14,NSGA-III,330,10,0.987632,0.742023
14,NSGA-III,340,8,1.066408,0.801208
14,NSGA-III,350,10,1.086304,0.816156
14,NSGA-III,360,10,1.086304,0.816156
14,NSGA-III,370,12,1.117563,0.839642
14,NSGA-III,380,13,1.153681,0.866777
14,NSGA-III,390,17,1.156825,0.869140
14,NSGA-III,400,18,1.156830,0.869144
14,NSGA-III,410,17,1.157078,0.869330
14,NSGA-III,420,19,1.167276,0.876992
14,NSGA-III,430,20,1.167559,0.877205
14,NSGA-III,440,20,1.167559,0.877205
14,NSGA-III,450,19,1.168429,0.877858
14,NSGA-III,460,19,1.171095,0.879861
14,NSGA-III,470,20,1.171095,0.879861
14,NSGA-III,480,22,1.221311,0.917589
14,NSGA-III,490,23,1.221625,0.917825
14,NSGA-III,500,3,1.263193,0.949055
15,MOGWO,10,13,0.000000,0.000000
15,MOGWO,20,19,0.000000,0.000000
15,MOGWO,30,28,0.000000,0.000000
15,MOGWO,40,29,0.000000,0.000000
15,MOGWO,50,28,0.000000,0.000000
15,MOGWO,60,25,0.000000,0.000000
15,MOGWO,70,25,0.000000,0.000000
15,MOGWO,80,23,0.000000,0.000000
15,MOGWO,90,23,0.000000,0.000000
15,MOGWO,100,23,0.000000,0.000000
15,MOGWO,110,18,0.000000,0.000000
15,MOGWO,120,16,0.000000,0.000000
15,MOGWO,130,21,0.000000,0.000000
15,MOGWO,140,13,0.001970,0.001480
15,MOGWO,150,22,0.049758,0.037384
15,MOGWO,160,16,0.169692,0.127492
15,MOGWO,170,5,0.424323,0.318800
15,MOGWO,180,8,0.620465,0.466165
15,MOGWO,190,11,0.711231,0.534358
15,MOGWO,200,3,0.828003,0.622091
15,MOGWO,210,4,0.828229,0.622261
15,MOGWO,220,2,1.033836,0.776736
15,MOGWO,230,3,1.048438,0.787707
15,MOGWO,240,6,1.104812,0.830062
15,MOGWO,250,10,1.117019,0.839233
15,MOGWO,260,6,1.140743,0.857057
15,MOGWO,270,4,1.164879,0.875191
15,MOGWO,280,7,1.190709,0.894597
15,MOGWO,290,8,1.198442,0.900407
15,MOGWO,300,8,1.198571,0.900504
15,MOGWO,310,9,1.198614,0.900537
15,MOGWO,320,9,1.203261,0.904028
15,MOGWO,330,11,1.203263,0.904029
15,MOGWO,340,13,1.209741,0.908896
15,MOGWO,350,7,1.212544,0.911002
15,MOGWO,360,8,1.212544,0.911002
15,MOGWO,370,8,1.213863,0.911993
15,MOGWO,380,8,1.213863,0.911993
15,MOGWO,390,8,1.213872,0.912000
15,MOGWO,400,10,1.248732,0.938191
15,MOGWO,410,14,1.265490,0.950781
15,MOGWO,420,12,1.268403,0.952970
15,MOGWO,430,11,1.287528,0.967339
15,MOGWO,440,11,1.290821,0.969813
15,MOGWO,450,14,1.305003,0.980468
15,MOGWO,460,14,1.309469,0.983823
15,MOGWO,470,15,1.313435,0.986803
15,MOGWO,480,19,1.313732,0.987026
15,MOGWO,490,20,1.313733,0.987027
15,MOGWO,500,20,1.313733,0.987027
15,NSGA-II,10,27,0.000000,0.000000
15,NSGA-II,20,33,0.000000,0.000000
15,NSGA-II,30,38,0.000000,0.000000
15,NSGA-II,40,47,0.000000,0.000000
15,NSGA-II,50,38,0.000000,0.000000
15,NSGA-II,60,38,0.004310,0.003238
15,NSGA-II,70,19,0.011666,0.008765
15,NSGA-II,80,20,0.013484,0.010131
15,NSGA-II,90,25,0.023846,0.017916
15,NSGA-II,100,30,0.029420,0.022103
15,NSGA-II,110,41,0.029466,0.022138
15,NSGA-II,120,45,0.032872,0.024697
15,NSGA-II,130,42,0.045298,0.034033
15,NSGA-II,140,21,0.059240,0.044508
15,NSGA-II,150,21,0.070165,0.052716
15,NSGA-II,160,15,0.075835,0.056976
15,NSGA-II,170,15,0.080649,0.060593
15,NSGA-II,180,17,0.087893,0.066035
15,NSGA-II,190,19,0.096635,0.072604
15,NSGA-II,200,21,0.096894,0.072798
15,NSGA-II,210,18,0.099216,0.074542
15,NSGA-II,220,23,0.099231,0.074554
15,NSGA-II,230,25,0.104839,0.078767
15,NSGA-II,240,21,0.121294,0.091130
15,NSGA-II,250,22,0.123242,0.092594
15,NSGA-II,260,28,0.129335,0.097171
15,NSGA-II,270,32,0.131075,0.098478
15,NSGA-II,280,26,0.148790,0.111788
15,NSGA-II,290,30,0.148854,0.111836
15,NSGA-II,300,28,0.156230,0.117378
15,NSGA-II,310,26,0.163095,0.122535
15,NSGA-II,320,27,0.176729,0.132779
15,NSGA-II,330,18,0.220276,0.165497
15,NSGA-II,340,21,0.222076,0.166849
15,NSGA-II,350,13,0.277469,0.208466
15,NSGA-II,360,13,0.335229,0.251863
15,NSGA-II,370,13,0.350122,0.263052
15,NSGA-II,380,9,0.359974,0.270453
15,NSGA-II,390,10,0.360031,0.270496
15,NSGA-II,400,11,0.360244,0.270657
15,NSGA-II,410,12,0.364599,0.273929
15,NSGA-II,420,17,0.410266,0.308239
15,NSGA-II,430,21,0.419347,0.315062
15,NSGA-II,440,21,0.419347,0.315062
15,NSGA-II,450,25,0.422061,0.317101
15,NSGA-II,460,24,0.429453,0.322654
15,NSGA-II,470,29,0.463289,0.348076
15,NSGA-II,480,32,0.468539,0.352021
15,NSGA-II,490,33,0.468886,0.352281
15,NSGA-II,500,35,0.472106,0.354700
15,NSGA-III,10,22,0.000000,0.000000
15,NSGA-III,20,17,0.000000,0.000000
15,NSGA-III,30,35,0.019053,0.014315
15,NSGA-III,40,28,0.019208,0.014431
15,NSGA-III,50,27,0.020379,0.015311
15,NSGA-III,60,28,0.026175,0.019665
15,NSGA-III,70,28,0.039826,0.029922
15,NSGA-III,80,14,0.112421,0.084464
15,NSGA-III,90,17,0.116953,0.087868
15,NSGA-III,100,20,0.137282,0.103142
15,NSGA-III,110,7,0.383593,0.288199
15,NSGA-III,120,6,0.385029,0.289278
15,NSGA-III,130,5,0.399348,0.300036
15,NSGA-III,140,5,0.399348,0.300036
15,NSGA-III,150,6,0.400181,0.300662
15,NSGA-III,160,4,0.407383,0.306073
15,NSGA-III,170,9,0.427051,0.320850
15,NSGA-III,180,13,0.433546,0.325730
15,NSGA-III,190,15,0.438712,0.329611
15,NSGA-III,200,19,0.444104,0.333662
15,NSGA-III,210,19,0.444252,0.333773
15,NSGA-III,220,19,0.468898,0.352290
15,NSGA-III,230,24,0.486637,0.365617
15,NSGA-III,240,20,0.489057,0.367436
15,NSGA-III,250,10,0.622912,0.468003
15,NSGA-III,260,10,0.622912,0.468003
15,NSGA-III,270,11,0.623701,0.468596
15,NSGA-III,280,10,0.623974,0.468801
15,NSGA-III,290,11,0.624081,0.468882
15,NSGA-III,300,14,0.633332,0.475832
15,NSGA-III,310,11,0.634729,0.476882
15,NSGA-III,320,12,0.636694,0.478358
15,NSGA-III,330,3,0.669569,0.503057
15,NSGA-III,340,3,0.669569,0.503057
15,NSGA-III,350,2,0.755918,0.567933
15,NSGA-III,360,2,0.755918,0.567933
15,NSGA-III,370,3,0.757141,0.568851
15,NSGA-III,380,3,0.757141,0.568851
15,NSGA-III,390,5,0.760591,0.571443
15,NSGA-III,400,5,0.760591,0.571443
15,NSGA-III,410,5,0.760591,0.571443
15,NSGA-III,420,5,0.760591,0.571443
15,NSGA-III,430,6,0.794264,0.596742
15,NSGA-III,440,6,0.794264,0.596742
15,NSGA-III,450,7,0.820430,0.616401
15,NSGA-III,460,3,0.832758,0.625663
15,NSGA-III,470,4,0.841341,0.632112
15,NSGA-III,480,4,0.841341,0.632112
15,NSGA-III,490,4,0.841341,0.632112
15,NSGA-III,500,4,0.841341,0.632112
16,MOGWO,10,30,0.000000,0.000000
16,MOGWO,20,24,0.000000,0.000000
16,MOGWO,30,22,0.000000,0.000000
16,MOGWO,40,26,0.000000,0.000000
16,MOGWO,50,20,0.000000,0.000000
16,MOGWO,60,23,0.000000,0.000000
16,MOGWO,70,30,0.000000,0.000000
16,MOGWO,80,25,0.000000,0.000000
16,MOGWO,90,21,0.000000,0.000000
16,MOGWO,100,24,0.000000,0.000000
16,MOGWO,110,23,0.000000,0.000000
16,MOGWO,120,34,0.000000,0.000000
16,MOGWO,130,29,0.000000,0.000000
16,MOGWO,140,35,0.000000,0.000000
16,MOGWO,150,45,0.000000,0.000000
16,MOGWO,160,29,0.000000,0.000000
16,MOGWO,170,33,0.000000,0.000000
16,MOGWO,180,32,0.011729,0.008812
16,MOGWO,190,35,0.019121,0.014366
16,MOGWO,200,47,0.020327,0.015272
16,MOGWO,210,46,0.020511,0.015410
16,MOGWO,220,46,0.024476,0.018389
16,MOGWO,230,30,0.042484,0.031919
16,MOGWO,240,29,0.090024,0.067637
16,MOGWO,250,38,0.132793,0.099769
16,MOGWO,260,40,0.194943,0.146463
16,MOGWO,270,57,0.201998,0.151764
16,MOGWO,280,70,0.231766,0.174129
16,MOGWO,290,58,0.241341,0.181323
16,MOGWO,300,47,0.255407,0.191891
16,MOGWO,310,50,0.262636,0.197323
16,MOGWO,320,39,0.298531,0.224291
16,MOGWO,330,53,0.310386,0.233198
16,MOGWO,340,55,0.314527,0.236309
16,MOGWO,350,62,0.315600,0.237115
16,MOGWO,360,78,0.327055,0.245721
16,MOGWO,370,84,0.331213,0.248845
16,MOGWO,380,91,0.332032,0.249461
16,MOGWO,390,96,0.332771,0.250015
16,MOGWO,400,100,0.337487,0.253559
16,MOGWO,410,92,0.342878,0.257609
16,MOGWO,420,87,0.345692,0.259724
16,MOGWO,430,88,0.347859,0.261351
16,MOGWO,440,99,0.347928,0.261404
16,MOGWO,450,100,0.348820,0.262073
16,MOGWO,460,100,0.349444,0.262542
16,MOGWO,470,100,0.349820,0.262825
16,MOGWO,480,94,0.361424,0.271543
16,MOGWO,490,100,0.362367,0.272251
16,MOGWO,500,100,0.362493,0.272346
16,NSGA-II,10,22,0.000000,0.000000
16,NSGA-II,20,38,0.000000,0.000000
16,NSGA-II,30,28,0.000000,0.000000
16,NSGA-II,40,18,0.000000,0.000000
16,NSGA-II,50,14,0.009328,0.007008
16,NSGA-II,60,11,0.013555,0.010184
16,NSGA-II,70,15,0.023458,0.017624
16,NSGA-II,80,23,0.040780,0.030638
16,NSGA-II,90,22,0.042800,0.032156
16,NSGA-II,100,11,0.045040,0.033839
16,NSGA-II,110,15,0.080194,0.060251
16,NSGA-II,120,14,0.133789,0.100517
16,NSGA-II,130,7,0.203353,0.152782
16,NSGA-II,140,2,0.306265,0.230101
16,NSGA-II,150,9,0.325658,0.244672
16,NSGA-II,160,10,0.403125,0.302874
16,NSGA-II,170,9,0.478727,0.359674
16,NSGA-II,180,7,0.634033,0.476358
16,NSGA-II,190,4,0.646180,0.485485
16,NSGA-II,200,6,0.669016,0.502642
16,NSGA-II,210,6,0.713725,0.536232
16,NSGA-II,220,10,0.786424,0.590852
16,NSGA-II,230,12,0.787610,0.591743
16,NSGA-II,240,15,0.829026,0.622859
16,NSGA-II,250,16,0.829115,0.622926
16,NSGA-II,260,13,0.862288,0.647850
16,NSGA-II,270,14,0.862320,0.647874
16,NSGA-II,280,13,0.862975,0.648366
16,NSGA-II,290,11,0.865967,0.650614
16,NSGA-II,300,13,0.865995,0.650635
16,NSGA-II,310,14,0.878656,0.660148
16,NSGA-II,320,14,0.882528,0.663056
16,NSGA-II,330,15,0.882537,0.663063
16,NSGA-II,340,16,0.889426,0.668239
16,NSGA-II,350,15,0.897409,0.674237
16,NSGA-II,360,13,0.897436,0.674257
16,NSGA-II,370,16,0.897746,0.674490
16,NSGA-II,380,17,0.897746,0.674490
16,NSGA-II,390,17,0.902976,0.678419
16,NSGA-II,400,14,0.903580,0.678873
16,NSGA-II,410,17,0.904431,0.679512
16,NSGA-II,420,18,0.904459,0.679533
16,NSGA-II,430,19,0.904548,0.679600
16,NSGA-II,440,21,0.904575,0.679621
16,NSGA-II,450,19,0.910742,0.684254
16,NSGA-II,460,19,0.910742,0.684254
16,NSGA-II,470,19,0.910742,0.684254
16,NSGA-II,480,21,0.910756,0.684264
16,NSGA-II,490,22,0.911154,0.684564
16,NSGA-II,500,12,0.950271,0.713952
16,NSGA-III,10,17,0.000000,0.000000
16,NSGA-III,20,35,0.000000,0.000000
16,NSGA-III,30,34,0.000000,0.000000
16,NSGA-III,40,34,0.000000,0.000000
16,NSGA-III,50,30,0.010945,0.008223
16,NSGA-III,60,12,0.042635,0.032032
16,NSGA-III,70,14,0.043683,0.032820
16,NSGA-III,80,4,0.124311,0.093397
16,NSGA-III,90,8,0.124457,0.093506
16,NSGA-III,100,9,0.140595,0.105631
16,NSGA-III,110,11,0.149013,0.111956
16,NSGA-III,120,12,0.165271,0.124171
16,NSGA-III,130,12,0.279976,0.210350
16,NSGA-III,140,16,0.318714,0.239455
16,NSGA-III,150,14,0.329036,0.247210
16,NSGA-III,160,19,0.344114,0.258538
16,NSGA-III,170,24,0.350756,0.263528
16,NSGA-III,180,32,0.389871,0.292916
16,NSGA-III,190,23,0.446612,0.335546
16,NSGA-III,200,23,0.449113,0.337425
16,NSGA-III,210,24,0.449722,0.337883
16,NSGA-III,220,19,0.498516,0.374542
16,NSGA-III,230,17,0.538965,0.404932
16,NSGA-III,240,28,0.549611,0.412931
16,NSGA-III,250,29,0.549779,0.413057
16,NSGA-III,260,32,0.550593,0.413669
16,NSGA-III,270,32,0.554975,0.416961
16,NSGA-III,280,35,0.560071,0.420790
16,NSGA-III,290,34,0.560198,0.420885
16,NSGA-III,300,31,0.563852,0.423630
16,NSGA-III,310,37,0.566511,0.425628
16,NSGA-III,320,38,0.589900,0.443201
16,NSGA-III,330,33,0.590520,0.443666
16,NSGA-III,340,33,0.590847,0.443912
16,NSGA-III,350,35,0.591650,0.444515
16,NSGA-III,360,35,0.591652,0.444517
16,NSGA-III,370,38,0.601734,0.452091
16,NSGA-III,380,42,0.601956,0.452258
16,NSGA-III,390,44,0.601990,0.452284
16,NSGA-III,400,47,0.603025,0.453062
16,NSGA-III,410,50,0.603292,0.453262
16,NSGA-III,420,47,0.637503,0.478965
16,NSGA-III,430,40,0.643651,0.483584
16,NSGA-III,440,41,0.643801,0.483697
16,NSGA-III,450,39,0.657998,0.494364
16,NSGA-III,460,40,0.665336,0.499877
16,NSGA-III,470,42,0.686214,0.515563
16,NSGA-III,480,40,0.687559,0.516573
16,NSGA-III,490,30,0.711826,0.534805
16,NSGA-III,500,29,0.782986,0.588269
17,MOGWO,10,17,0.000000,0.000000
17,MOGWO,20,19,0.000000,0.000000
17,MOGWO,30,27,0.000000,0.000000
17,MOGWO,40,31,0.000000,0.000000
17,MOGWO,50,32,0.000000,0.000000
17,MOGWO,60,35,0.000000,0.000000
17,MOGWO,70,32,0.000000,0.000000
17,MOGWO,80,34,0.000000,0.000000
17,MOGWO,90,30,0.000000,0.000000
17,MOGWO,100,20,0.000000,0.000000
17,MOGWO,110,19,0.000000,0.000000
17,MOGWO,120,22,0.000000,0.000000
17,MOGWO,130,28,0.000000,0.000000
17,MOGWO,140,30,0.000000,0.000000
17,MOGWO,150,31,0.000000,0.000000
17,MOGWO,160,34,0.000000,0.000000
17,MOGWO,170,17,0.000298,0.000224
17,MOGWO,180,30,0.014226,0.010688
17,MOGWO,190,25,0.021238,0.015956
17,MOGWO,200,17,0.050013,0.037576
17,MOGWO,210,22,0.084039,0.063140
17,MOGWO,220,32,0.087673,0.065870
17,MOGWO,230,37,0.103803,0.077989
17,MOGWO,240,45,0.109246,0.082078
17,MOGWO,250,41,0.119670,0.089910
17,MOGWO,260,26,0.130191,0.097815
17,MOGWO,270,23,0.140170,0.105312
17,MOGWO,280,23,0.140295,0.105406
17,MOGWO,290,25,0.142034,0.106712
17,MOGWO,300,28,0.145320,0.109181
17,MOGWO,310,34,0.146855,0.110334
17,MOGWO,320,38,0.147959,0.111164
17,MOGWO,330,43,0.148802,0.111797
17,MOGWO,340,41,0.149995,0.112694
17,MOGWO,350,46,0.153698,0.115476
17,MOGWO,360,49,0.153737,0.115505
17,MOGWO,370,41,0.154608,0.116159
17,MOGWO,380,37,0.155705,0.116984
17,MOGWO,390,33,0.155785,0.117044
17,MOGWO,400,35,0.155818,0.117069
17,MOGWO,410,34,0.157589,0.118399
17,MOGWO,420,34,0.158046,0.118742
17,MOGWO,430,42,0.159005,0.119463
17,MOGWO,440,44,0.159055,0.119500
17,MOGWO,450,46,0.162929,0.122411
17,MOGWO,460,41,0.163628,0.122936
17,MOGWO,470,40,0.164302,0.123443
17,MOGWO,480,48,0.164490,0.123584
17,MOGWO,490,49,0.166493,0.125088
17,MOGWO,500,33,0.166767,0.125295
17,NSGA-II,10,17,0.000000,0.000000
17,NSGA-II,20,33,0.000000,0.000000
17,NSGA-II,30,33,0.003168,0.002380
17,NSGA-II,40,46,0.011513,0.008650
17,NSGA-II,50,50,0.033604,0.025247
17,NSGA-II,60,44,0.034416,0.025857
17,NSGA-II,70,44,0.035066,0.026346
17,NSGA-II,80,50,0.035986,0.027037
17,NSGA-II,90,53,0.036060,0.027092
17,NSGA-II,100,56,0.052988,0.039811
17,NSGA-II,110,50,0.052994,0.039816
17,NSGA-II,120,51,0.053521,0.040211
17,NSGA-II,130,54,0.053637,0.040298
17,NSGA-II,140,59,0.053650,0.040308
17,NSGA-II,150,73,0.053668,0.040321
17,NSGA-II,160,69,0.053777,0.040403
17,NSGA-II,170,67,0.055473,0.041678
17,NSGA-II,180,49,0.055952,0.042037
17,NSGA-II,190,55,0.058713,0.044112
17,NSGA-II,200,45,0.059755,0.044895
17,NSGA-II,210,30,0.063592,0.047778
17,NSGA-II,220,27,0.064351,0.048348
17,NSGA-II,230,28,0.064599,0.048535
17,NSGA-II,240,29,0.076511,0.057484
17,NSGA-II,250,25,0.076798,0.057700
17,NSGA-II,260,24,0.076993,0.057846
17,NSGA-II,270,27,0.077241,0.058032
17,NSGA-II,280,25,0.077460,0.058197
17,NSGA-II,290,31,0.078738,0.059157
17,NSGA-II,300,35,0.079707,0.059885
17,NSGA-II,310,34,0.087131,0.065463
17,NSGA-II,320,34,0.093729,0.070420
17,NSGA-II,330,42,0.111285,0.083610
17,NSGA-II,340,41,0.114349,0.085912
17,NSGA-II,350,45,0.115464,0.086750
17,NSGA-II,360,34,0.172823,0.129844
17,NSGA-II,370,19,0.291958,0.219352
17,NSGA-II,380,21,0.297129,0.223237
17,NSGA-II,390,18,0.344450,0.258790
17,NSGA-II,400,18,0.515341,0.387184
17,NSGA-II,410,15,0.522875,0.392844
17,NSGA-II,420,16,0.555001,0.416980
17,NSGA-II,430,17,0.556683,0.418244
17,NSGA-II,440,19,0.556706,0.418261
17,NSGA-II,450,20,0.556755,0.418298
17,NSGA-II,460,24,0.559669,0.420487
17,NSGA-II,470,24,0.563758,0.423560
17,NSGA-II,480,24,0.563871,0.423644
17,NSGA-II,490,25,0.570364,0.428523
17,NSGA-II,500,26,0.576039,0.432787
17,NSGA-III,10,28,0.000000,0.000000
17,NSGA-III,20,23,0.000000,0.000000
17,NSGA-III,30,16,0.021118,0.015866
17,NSGA-III,40,16,0.021118,0.015866
17,NSGA-III,50,13,0.022510,0.016912
17,NSGA-III,60,12,0.022736,0.017082
17,NSGA-III,70,22,0.055108,0.041403
17,NSGA-III,80,15,0.182123,0.136832
17,NSGA-III,90,14,0.190254,0.142941
17,NSGA-III,100,9,0.203567,0.152943
17,NSGA-III,110,6,0.346433,0.260281
17,NSGA-III,120,10,0.357597,0.268668
17,NSGA-III,130,10,0.381489,0.286618
17,NSGA-III,140,5,0.485838,0.365017
17,NSGA-III,150,5,0.488687,0.367158
17,NSGA-III,160,3,0.560040,0.420766
17,NSGA-III,170,5,0.562541,0.422646
17,NSGA-III,180,7,0.567245,0.426179
17,NSGA-III,190,8,0.589726,0.443070
17,NSGA-III,200,10,0.607393,0.456343
17,NSGA-III,210,11,0.608424,0.457118
17,NSGA-III,220,13,0.703017,0.528187
17,NSGA-III,230,6,0.758749,0.570059
17,NSGA-III,240,7,0.771787,0.579855
17,NSGA-III,250,8,0.786455,0.590875
17,NSGA-III,260,8,0.832341,0.625350
17,NSGA-III,270,7,0.845990,0.635605
17,NSGA-III,280,6,0.887686,0.666931
17,NSGA-III,290,8,0.895001,0.672427
17,NSGA-III,300,5,0.929579,0.698407
17,NSGA-III,310,5,0.957022,0.719025
17,NSGA-III,320,2,1.077028,0.809187
17,NSGA-III,330,2,1.077028,0.809187
17,NSGA-III,340,2,1.077028,0.809187
17,NSGA-III,350,2,1.164201,0.874682
17,NSGA-III,360,2,1.164201,0.874682
17,NSGA-III,370,3,1.164428,0.874852
17,NSGA-III,380,3,1.164428,0.874852
17,NSGA-III,390,5,1.170714,0.879575
17,NSGA-III,400,2,1.279002,0.960933
17,NSGA-III,410,2,1.279002,0.960933
17,NSGA-III,420,3,1.284417,0.965002
17,NSGA-III,430,3,1.284417,0.965002
17,NSGA-III,440,4,1.285132,0.965539
17,NSGA-III,450,4,1.285132,0.965539
17,NSGA-III,460,4,1.285132,0.965539
17,NSGA-III,470,5,1.286966,0.966917
17,NSGA-III,480,5,1.290889,0.969864
17,NSGA-III,490,5,1.290889,0.969864
17,NSGA-III,500,5,1.290889,0.969864
18,MOGWO,10,24,0.000000,0.000000
18,MOGWO,20,28,0.000000,0.000000
18,MOGWO,30,31,0.000000,0.000000
18,MOGWO,40,31,0.000000,0.000000
18,MOGWO,50,40,0.000000,0.000000
18,MOGWO,60,46,0.000000,0.000000
18,MOGWO,70,51,0.000000,0.000000
18,MOGWO,80,52,0.000000,0.000000
18,MOGWO,90,52,0.000000,0.000000
18,MOGWO,100,47,0.000000,0.000000
18,MOGWO,110,17,0.000000,0.000000
18,MOGWO,120,20,0.000000,0.000000
18,MOGWO,130,19,0.000000,0.000000
18,MOGWO,140,25,0.000000,0.000000
18,MOGWO,150,34,0.000000,0.000000
18,MOGWO,160,42,0.000000,0.000000
18,MOGWO,170,23,0.000000,0.000000
18,MOGWO,180,26,0.000000,0.000000
18,MOGWO,190,35,0.000000,0.000000
18,MOGWO,200,26,0.005531,0.004156
18,MOGWO,210,27,0.009805,0.007366
18,MOGWO,220,14,0.014004,0.010522
18,MOGWO,230,15,0.020316,0.015264
18,MOGWO,240,36,0.049874,0.037471
18,MOGWO,250,38,0.072523,0.054487
18,MOGWO,260,25,0.087364,0.065638
18,MOGWO,270,27,0.094143,0.070731
18,MOGWO,280,30,0.110771,0.083224
18,MOGWO,290,28,0.116739,0.087708
18,MOGWO,300,13,0.143012,0.107447
18,MOGWO,310,19,0.149263,0.112144
18,MOGWO,320,17,0.153405,0.115255
18,MOGWO,330,24,0.157939,0.118662
18,MOGWO,340,32,0.165911,0.124651
18,MOGWO,350,26,0.172593,0.129672
18,MOGWO,360,28,0.172871,0.129880
18,MOGWO,370,28,0.175791,0.132074
18,MOGWO,380,26,0.178511,0.134118
18,MOGWO,390,28,0.183030,0.137513
18,MOGWO,400,22,0.189897,0.142673
18,MOGWO,410,23,0.199327,0.149757
18,MOGWO,420,22,0.203534,0.152918
18,MOGWO,430,25,0.207696,0.156045
18,MOGWO,440,33,0.210086,0.157841
18,MOGWO,450,39,0.213696,0.160553
18,MOGWO,460,41,0.215803,0.162136
18,MOGWO,470,43,0.219327,0.164784
18,MOGWO,480,41,0.219644,0.165022
18,MOGWO,490,32,0.221243,0.166223
18,MOGWO,500,32,0.221243,0.166223
18,NSGA-II,10,20,0.000000,0.000000
18,NSGA-II,20,22,0.000000,0.000000
18,NSGA-II,30,21,0.000000,0.000000
18,NSGA-II,40,40,0.000000,0.000000
18,NSGA-II,50,43,0.000000,0.000000
18,NSGA-II,60,44,0.021625,0.016247
18,NSGA-II,70,47,0.022043,0.016561
18,NSGA-II,80,53,0.022043,0.016561
18,NSGA-II,90,56,0.022055,0.016570
18,NSGA-II,100,61,0.022055,0.016570
18,NSGA-II,110,63,0.022055,0.016570
18,NSGA-II,120,62,0.022055,0.016570
18,NSGA-II,130,63,0.022055,0.016570
18,NSGA-II,140,73,0.022055,0.016570
18,NSGA-II,150,69,0.022055,0.016570
18,NSGA-II,160,45,0.050983,0.038304
18,NSGA-II,170,42,0.051085,0.038381
18,NSGA-II,180,45,0.051085,0.038381
18,NSGA-II,190,39,0.051116,0.038404
18,NSGA-II,200,34,0.051116,0.038404
18,NSGA-II,210,33,0.052377,0.039351
18,NSGA-II,220,25,0.054277,0.040779
18,NSGA-II,230,31,0.054619,0.041036
18,NSGA-II,240,29,0.059632,0.044802
18,NSGA-II,250,30,0.059632,0.044802
18,NSGA-II,260,34,0.059644,0.044811
18,NSGA-II,270,39,0.060513,0.045465
18,NSGA-II,280,25,0.118461,0.089002
18,NSGA-II,290,17,0.118721,0.089197
18,NSGA-II,300,20,0.239005,0.179568
18,NSGA-II,310,23,0.241046,0.181101
18,NSGA-II,320,22,0.243961,0.183291
18,NSGA-II,330,23,0.292354,0.219650
18,NSGA-II,340,27,0.298206,0.224046
18,NSGA-II,350,26,0.311125,0.233753
18,NSGA-II,360,23,0.396136,0.297623
18,NSGA-II,370,26,0.400545,0.300936
18,NSGA-II,380,22,0.414288,0.311261
18,NSGA-II,390,12,0.473027,0.355392
18,NSGA-II,400,13,0.488068,0.366693
18,NSGA-II,410,15,0.493180,0.370534
18,NSGA-II,420,17,0.496668,0.373154
18,NSGA-II,430,20,0.523765,0.393512
18,NSGA-II,440,17,0.530334,0.398447
18,NSGA-II,450,15,0.574733,0.431805
18,NSGA-II,460,15,0.575100,0.432081
18,NSGA-II,470,18,0.660316,0.496106
18,NSGA-II,480,21,0.662054,0.497411
18,NSGA-II,490,20,0.746907,0.561162
18,NSGA-II,500,21,0.757043,0.568778
18,NSGA-III,10,30,0.000000,0.000000
18,NSGA-III,20,33,0.000000,0.000000
18,NSGA-III,30,40,0.000000,0.000000
18,NSGA-III,40,27,0.000000,0.000000
18,NSGA-III,50,17,0.000000,0.000000
18,NSGA-III,60,4,0.000000,0.000000
18,NSGA-III,70,10,0.000000,0.000000
18,NSGA-III,80,11,0.006912,0.005193
18,NSGA-III,90,15,0.125610,0.094373
18,NSGA-III,100,19,0.125830,0.094538
18,NSGA-III,110,15,0.331502,0.249062
18,NSGA-III,120,21,0.568539,0.427152
18,NSGA-III,130,8,0.610067,0.458352
18,NSGA-III,140,8,0.615256,0.462251
18,NSGA-III,150,8,0.656402,0.493165
18,NSGA-III,160,11,0.701546,0.527082
18,NSGA-III,170,13,0.725558,0.545123
18,NSGA-III,180,14,0.727748,0.546768
18,NSGA-III,190,16,0.744662,0.559476
18,NSGA-III,200,14,0.766956,0.576226
18,NSGA-III,210,11,0.787293,0.591505
18,NSGA-III,220,12,0.787691,0.591804
18,NSGA-III,230,12,0.799670,0.600804
18,NSGA-III,240,9,0.832220,0.625259
18,NSGA-III,250,10,0.834486,0.626961
18,NSGA-III,260,10,0.837085,0.628914
18,NSGA-III,270,10,0.863279,0.648595
18,NSGA-III,280,12,0.863317,0.648623
18,NSGA-III,290,14,0.898594,0.675127
18,NSGA-III,300,10,0.899768,0.676009
18,NSGA-III,310,9,0.955527,0.717902
18,NSGA-III,320,9,0.955527,0.717902
18,NSGA-III,330,11,0.956503,0.718635
18,NSGA-III,340,11,0.988720,0.742840
18,NSGA-III,350,11,0.988720,0.742840
18,NSGA-III,360,12,1.011265,0.759778
18,NSGA-III,370,12,1.032507,0.775738
18,NSGA-III,380,13,1.071835,0.805285
18,NSGA-III,390,18,1.073382,0.806448
18,NSGA-III,400,17,1.098789,0.825536
18,NSGA-III,410,18,1.098982,0.825681
18,NSGA-III,420,17,1.130196,0.849133
18,NSGA-III,430,11,1.145854,0.860897
18,NSGA-III,440,7,1.181057,0.887345
18,NSGA-III,450,6,1.206032,0.906110
18,NSGA-III,460,6,1.206032,0.906110
18,NSGA-III,470,7,1.245994,0.936134
18,NSGA-III,480,7,1.245994,0.936134
18,NSGA-III,490,6,1.255714,0.943436
18,NSGA-III,500,6,1.258753,0.945720
19,MOGWO,10,18,0.000000,0.000000
19,MOGWO,20,26,0.000000,0.000000
19,MOGWO,30,26,0.000000,0.000000
19,MOGWO,40,28,0.000000,0.000000
19,MOGWO,50,28,0.000000,0.000000
19,MOGWO,60,35,0.000000,0.000000
19,MOGWO,70,36,0.000000,0.000000
19,MOGWO,80,46,0.000000,0.000000
19,MOGWO,90,36,0.000000,0.000000
19,MOGWO,100,32,0.000000,0.000000
19,MOGWO,110,35,0.000000,0.000000
19,MOGWO,120,22,0.000000,0.000000
19,MOGWO,130,23,0.000000,0.000000
19,MOGWO,140,35,0.000000,0.000000
19,MOGWO,150,31,0.000000,0.000000
19,MOGWO,160,24,0.000000,0.000000
19,MOGWO,170,36,0.006826,0.005129
19,MOGWO,180,40,0.007021,0.005275
19,MOGWO,190,40,0.012891,0.009685
19,MOGWO,200,36,0.041636,0.031282
19,MOGWO,210,46,0.076922,0.057793
19,MOGWO,220,68,0.086279,0.064823
19,MOGWO,230,69,0.095137,0.071478
19,MOGWO,240,64,0.102374,0.076915
19,MOGWO,250,56,0.112590,0.084590
19,MOGWO,260,53,0.117275,0.088110
19,MOGWO,270,56,0.118795,0.089253
19,MOGWO,280,58,0.127324,0.095661
19,MOGWO,290,67,0.127874,0.096074
19,MOGWO,300,71,0.130911,0.098355
19,MOGWO,310,68,0.136059,0.102223
19,MOGWO,320,71,0.149944,0.112655
19,MOGWO,330,83,0.150913,0.113383
19,MOGWO,340,87,0.151936,0.114152
19,MOGWO,350,84,0.154427,0.116024
19,MOGWO,360,83,0.154621,0.116169
19,MOGWO,370,80,0.165914,0.124654
19,MOGWO,380,63,0.173832,0.130603
19,MOGWO,390,64,0.181995,0.136735
19,MOGWO,400,65,0.183323,0.137733
19,MOGWO,410,62,0.184517,0.138630
19,MOGWO,420,65,0.186475,0.140101
19,MOGWO,430,68,0.199444,0.149845
19,MOGWO,440,74,0.223985,0.168283
19,MOGWO,450,78,0.225514,0.169432
19,MOGWO,460,76,0.225760,0.169617
19,MOGWO,470,72,0.226346,0.170057
19,MOGWO,480,71,0.226438,0.170126
19,MOGWO,490,65,0.226749,0.170360
19,MOGWO,500,66,0.226893,0.170468
19,NSGA-II,10,30,0.000000,0.000000
19,NSGA-II,20,27,0.000000,0.000000
19,NSGA-II,30,36,0.000000,0.000000
19,NSGA-II,40,35,0.000000,0.000000
19,NSGA-II,50,37,0.000000,0.000000
19,NSGA-II,60,33,0.000000,0.000000
19,NSGA-II,70,44,0.000000,0.000000
19,NSGA-II,80,43,0.000000,0.000000
19,NSGA-II,90,44,0.004953,0.003721
19,NSGA-II,100,40,0.008750,0.006574
19,NSGA-II,110,46,0.012734,0.009567
19,NSGA-II,120,47,0.012734,0.009567
19,NSGA-II,130,54,0.012734,0.009567
19,NSGA-II,140,63,0.013570,0.010195
19,NSGA-II,150,50,0.025158,0.018902
19,NSGA-II,160,59,0.025315,0.019020
19,NSGA-II,170,56,0.025396,0.019080
19,NSGA-II,180,55,0.033694,0.025315
19,NSGA-II,190,48,0.044479,0.033417
19,NSGA-II,200,56,0.044878,0.033717
19,NSGA-II,210,56,0.044878,0.033717
19,NSGA-II,220,26,0.048104,0.036141
19,NSGA-II,230,21,0.048104,0.036141
19,NSGA-II,240,22,0.048692,0.036583
19,NSGA-II,250,22,0.048692,0.036583
19,NSGA-II,260,26,0.048692,0.036583
19,NSGA-II,270,32,0.051140,0.038422
19,NSGA-II,280,33,0.051360,0.038587
19,NSGA-II,290,31,0.052945,0.039778
19,NSGA-II,300,24,0.064462,0.048431
19,NSGA-II,310,26,0.067610,0.050796
19,NSGA-II,320,33,0.072358,0.054364
19,NSGA-II,330,29,0.072773,0.054676
19,NSGA-II,340,32,0.108530,0.081540
19,NSGA-II,350,34,0.127768,0.095994
19,NSGA-II,360,38,0.127781,0.096004
19,NSGA-II,370,40,0.130129,0.097768
19,NSGA-II,380,37,0.143726,0.107983
19,NSGA-II,390,43,0.144303,0.108417
19,NSGA-II,400,43,0.144303,0.108417
19,NSGA-II,410,42,0.161144,0.121070
19,NSGA-II,420,47,0.161197,0.121110
19,NSGA-II,430,39,0.163313,0.122700
19,NSGA-II,440,39,0.189722,0.142541
19,NSGA-II,450,41,0.192223,0.144420
19,NSGA-II,460,40,0.192610,0.144711
19,NSGA-II,470,39,0.195436,0.146834
19,NSGA-II,480,39,0.196339,0.147513
19,NSGA-II,490,44,0.271563,0.204029
19,NSGA-II,500,24,0.336997,0.253191
19,NSGA-III,10,25,0.000000,0.000000
19,NSGA-III,20,11,0.000000,0.000000
19,NSGA-III,30,20,0.000000,0.000000
19,NSGA-III,40,25,0.000000,0.000000
19,NSGA-III,50,26,0.000000,0.000000
19,NSGA-III,60,35,0.000000,0.000000
19,NSGA-III,70,36,0.003219,0.002418
19,NSGA-III,80,24,0.008134,0.006111
19,NSGA-III,90,19,0.009808,0.007369
19,NSGA-III,100,21,0.009808,0.007369
19,NSGA-III,110,16,0.204152,0.153382
19,NSGA-III,120,4,0.210447,0.158112
19,NSGA-III,130,5,0.212275,0.159485
19,NSGA-III,140,8,0.215879,0.162193
19,NSGA-III,150,6,0.280948,0.211081
19,NSGA-III,160,10,0.413353,0.310558
19,NSGA-III,170,11,0.413399,0.310593
19,NSGA-III,180,14,0.428944,0.322272
19,NSGA-III,190,12,0.443383,0.333120
19,NSGA-III,200,11,0.455259,0.342042
19,NSGA-III,210,13,0.455623,0.342316
19,NSGA-III,220,15,0.506238,0.380344
19,NSGA-III,230,21,0.519556,0.390350
19,NSGA-III,240,22,0.541114,0.406547
19,NSGA-III,250,23,0.541428,0.406783
19,NSGA-III,260,16,0.560194,0.420882
19,NSGA-III,270,17,0.560544,0.421145
19,NSGA-III,280,21,0.562127,0.422335
19,NSGA-III,290,25,0.562544,0.422648
19,NSGA-III,300,24,0.612718,0.460344
19,NSGA-III,310,25,0.618968,0.465040
19,NSGA-III,320,21,0.627749,0.471637
19,NSGA-III,330,12,0.635604,0.477539
19,NSGA-III,340,12,0.635745,0.477645
19,NSGA-III,350,12,0.635745,0.477645
19,NSGA-III,360,13,0.636005,0.477840
19,NSGA-III,370,16,0.660317,0.496106
19,NSGA-III,380,14,0.682320,0.512637
19,NSGA-III,390,15,0.716854,0.538583
19,NSGA-III,400,16,0.717422,0.539010
19,NSGA-III,410,10,0.790774,0.594120
19,NSGA-III,420,12,0.791670,0.594793
19,NSGA-III,430,14,0.793359,0.596062
19,NSGA-III,440,15,0.829993,0.623586
19,NSGA-III,450,18,0.856455,0.643467
19,NSGA-III,460,15,0.857799,0.644477
19,NSGA-III,470,18,0.860278,0.646340
19,NSGA-III,480,15,0.923204,0.693617
19,NSGA-III,490,17,0.979682,0.736050
19,NSGA-III,500,19,0.979957,0.736256
